dataset,feature,min_baskets,method,n_users_slice,n_users_feature,rho_raw_mean,rho_raw_sd,rho_centered_mean,rho_centered_sd,n_keysets,rho_centered_sign
dunnhumby,relational_strength,2,cbp,4504.0,4504.0,0.17357677418724973,0.018230010386256493,0.0695781584733805,0.021394997387473264,3,positive
dunnhumby,relational_strength,2,diffrec,4504.0,4504.0,0.17348691974033192,0.015431907402192037,0.026869521131206237,0.00856422835716596,3,positive
dunnhumby,relational_strength,2,dnntsp,4504.0,4504.0,0.19771022686751408,0.011304875001256829,0.03387319620323343,0.011165375453576269,3,positive
dunnhumby,relational_strength,2,fpmc,4504.0,4504.0,0.168119579798609,0.005915853728941715,-0.09449327045293442,0.011959330762761138,3,negative
dunnhumby,relational_strength,2,frequency,4504.0,4504.0,0.17582454906193767,0.019659898993916652,0.07147794953145309,0.02474941994995821,3,positive
dunnhumby,relational_strength,2,recency,4504.0,4504.0,0.1740343588310301,0.009850519135906672,-0.04065178737634972,0.015867002460747688,3,negative
dunnhumby,relational_strength,2,tifuknn,4504.0,4504.0,0.1855852199142877,0.015004632604333561,0.09982445018165675,0.012002539291393863,3,positive
dunnhumby,relational_strength,2,triple2vec,4504.0,4504.0,0.17647869723523338,0.016352649668877863,0.05238679754801304,0.01654746581237026,3,positive
dunnhumby,relational_strength,3,cbp,4014.0,4014.0,0.17464902805796712,0.02068515058787356,0.0727758557207404,0.02946898156706261,3,positive
dunnhumby,relational_strength,3,diffrec,4014.0,4014.0,0.17165683473681814,0.014508756182399688,0.021451901339807126,0.009304036567348586,3,positive
dunnhumby,relational_strength,3,dnntsp,4014.0,4014.0,0.20225637297364363,0.010825480611793255,0.04263512274443091,0.011887069492560135,3,positive
dunnhumby,relational_strength,3,fpmc,4014.0,4014.0,0.17203463866235602,0.003959675684703769,-0.09389862037709173,0.01323449375634777,3,negative
dunnhumby,relational_strength,3,frequency,4014.0,4014.0,0.17592666184630948,0.02175880752787254,0.07332916531431748,0.034913250499098956,3,positive
dunnhumby,relational_strength,3,recency,4014.0,4014.0,0.1711524582842372,0.009812055280784292,-0.04755842974854976,0.01289082592266394,3,negative
dunnhumby,relational_strength,3,tifuknn,4014.0,4014.0,0.18786857350201855,0.016251541166219075,0.10309664033354653,0.013372057749854954,3,positive
dunnhumby,relational_strength,3,triple2vec,4014.0,4014.0,0.17352279157084258,0.017977760423631677,0.04952693529279687,0.016748958224616316,3,positive
dunnhumby,relational_strength,5,cbp,3184.3333333333335,3184.3333333333335,0.17780266997992353,0.015309981914430663,0.07302776193189116,0.03124869356810593,3,positive
dunnhumby,relational_strength,5,diffrec,3184.3333333333335,3184.3333333333335,0.17397259775802384,0.009794457730760575,0.016122971152700328,0.009371675580846032,3,positive
dunnhumby,relational_strength,5,dnntsp,3184.3333333333335,3184.3333333333335,0.21193329885292686,0.012576479900112202,0.05637975490502762,0.026542450578046828,3,positive
dunnhumby,relational_strength,5,fpmc,3184.3333333333335,3184.3333333333335,0.17505733183064032,0.007523880815580784,-0.09842712181022228,0.003381630716400636,3,negative
dunnhumby,relational_strength,5,frequency,3184.3333333333335,3184.3333333333335,0.17827669488589784,0.015958207879357734,0.07128599329741842,0.03522539777751904,3,positive
dunnhumby,relational_strength,5,recency,3184.3333333333335,3184.3333333333335,0.17814390544986092,0.0068984422717070564,-0.05209255292046788,0.019682304943435147,3,negative
dunnhumby,relational_strength,5,tifuknn,3184.3333333333335,3184.3333333333335,0.19071674193925273,0.0067697518975355425,0.10167683074110885,0.012104725913770913,3,positive
dunnhumby,relational_strength,5,triple2vec,3184.3333333333335,3184.3333333333335,0.17887260911216016,0.01261947840832682,0.050866798822716976,0.023264367635241895,3,positive
dunnhumby,transition_strength,2,cbp,4504.0,4504.0,0.15373559726887645,0.017349156719074804,0.0818851967373295,0.008716082957476211,3,positive
dunnhumby,transition_strength,2,diffrec,4504.0,4504.0,0.15081690430522407,0.024912993713072158,0.03135407199156243,0.024137927958086457,3,positive
dunnhumby,transition_strength,2,dnntsp,4504.0,4504.0,0.14216391976221368,0.01920655687689625,-0.004346747348219811,0.017299655608923232,3,mixed
dunnhumby,transition_strength,2,fpmc,4504.0,4504.0,0.0942447310494447,0.015163925499550411,-0.1309611545551778,0.01162305714854673,3,negative
dunnhumby,transition_strength,2,frequency,4504.0,4504.0,0.15355643139410527,0.016705488263512747,0.07989244606337968,0.010162172774442159,3,positive
dunnhumby,transition_strength,2,recency,4504.0,4504.0,0.15965427736684346,0.017895453032361598,-0.02474882729576421,0.012489494932128701,3,negative
dunnhumby,transition_strength,2,tifuknn,4504.0,4504.0,0.16178373266948556,0.01680675594778679,0.094088355956828,0.005710476804602461,3,positive
dunnhumby,transition_strength,2,triple2vec,4504.0,4504.0,0.15500769574879492,0.020890024652824295,0.05877344415145542,0.014062926604432013,3,positive
dunnhumby,transition_strength,3,cbp,4014.0,4014.0,0.16285525872240933,0.0168884418812872,0.08619406000822438,0.01149474041755098,3,positive
dunnhumby,transition_strength,3,diffrec,4014.0,4014.0,0.15727482701750203,0.025933256330972293,0.022657559758939853,0.026860665953751448,3,positive
dunnhumby,transition_strength,3,dnntsp,4014.0,4014.0,0.15237891071718826,0.01809131673352538,-0.0017956955711613508,0.01970839795828226,3,mixed
dunnhumby,transition_strength,3,fpmc,4014.0,4014.0,0.10626634363416389,0.016608026658044686,-0.1360370180739693,0.007902923800840145,3,negative
dunnhumby,transition_strength,3,frequency,4014.0,4014.0,0.16367141379872746,0.017076761294471013,0.08681495843367458,0.015590153411499356,3,positive
dunnhumby,transition_strength,3,recency,4014.0,4014.0,0.1681380358994552,0.015401094382996946,-0.03127798755194499,0.019148561018647123,3,negative
dunnhumby,transition_strength,3,tifuknn,4014.0,4014.0,0.17304593180052197,0.015801907941326573,0.1011853513722535,0.0020989180203040726,3,positive
dunnhumby,transition_strength,3,triple2vec,4014.0,4014.0,0.16600177156368137,0.019823183873762893,0.06444968401582096,0.010406961379761484,3,positive
dunnhumby,transition_strength,5,cbp,3184.3333333333335,3184.3333333333335,0.16710399002707374,0.01773778733075651,0.0886124080626704,0.010590824904556987,3,positive
dunnhumby,transition_strength,5,diffrec,3184.3333333333335,3184.3333333333335,0.15778588210477074,0.023838303141025835,0.015626983733586574,0.0217166863533863,3,mixed
dunnhumby,transition_strength,5,dnntsp,3184.3333333333335,3184.3333333333335,0.1547382411371839,0.02573211049509328,-0.0019661206283983616,0.019217048204247474,3,mixed
dunnhumby,transition_strength,5,fpmc,3184.3333333333335,3184.3333333333335,0.11371874357926137,0.013840180714898318,-0.13712474651792259,0.015477810940677647,3,negative
dunnhumby,transition_strength,5,frequency,3184.3333333333335,3184.3333333333335,0.1671615178420072,0.017663676753998873,0.08578943858814554,0.01332758673144526,3,positive
dunnhumby,transition_strength,5,recency,3184.3333333333335,3184.3333333333335,0.17794503532109704,0.02737043726965039,-0.027781541590046876,0.02120848708192035,3,negative
dunnhumby,transition_strength,5,tifuknn,3184.3333333333335,3184.3333333333335,0.1763651684326308,0.019220039804108816,0.09949873760113064,0.013382464320631952,3,positive
dunnhumby,transition_strength,5,triple2vec,3184.3333333333335,3184.3333333333335,0.16909854660195234,0.01716725061440792,0.06543562736226363,0.007324447507999739,3,positive
instacart,relational_strength,2,cbp,4124.0,4124.0,0.19856091260709655,0.015168843045822781,0.10620359890138818,0.026068481075844648,3,positive
instacart,relational_strength,2,diffrec,4124.0,4124.0,0.15819033959852868,0.014332475025494036,-0.01651399082634304,0.009202316386160201,3,negative
instacart,relational_strength,2,dnntsp,4124.0,4124.0,0.1896529513102545,0.008457150202569243,0.03904818037884123,0.010518913875723639,3,positive
instacart,relational_strength,2,fpmc,4124.0,4124.0,0.15316217576761879,0.019169861229302212,-0.09094534437631152,0.0049874593410888885,3,negative
instacart,relational_strength,2,frequency,4124.0,4124.0,0.19651888852157828,0.011559339111137296,0.10840137102807225,0.007950185024646433,3,positive
instacart,relational_strength,2,recency,4124.0,4124.0,0.1323476492010552,0.009527781973909485,-0.07354319386567225,0.0078073161150389045,3,negative
instacart,relational_strength,2,tifuknn,4124.0,4124.0,0.19293099456929094,0.008047882163436151,0.09169370807688282,0.009645009442035841,3,positive
instacart,relational_strength,2,triple2vec,4124.0,4124.0,0.17522923269446924,0.02295266453179494,0.06527969184090998,0.03169360493303684,3,positive
instacart,relational_strength,3,cbp,3946.6666666666665,3946.6666666666665,0.20526225804451512,0.015877337176624547,0.11136303137863118,0.029205983630706096,3,positive
instacart,relational_strength,3,diffrec,3946.6666666666665,3946.6666666666665,0.16039027717580293,0.015496738262212435,-0.01979438405763556,0.008306470213545913,3,negative
instacart,relational_strength,3,dnntsp,3946.6666666666665,3946.6666666666665,0.19563255969258542,0.010217012212871463,0.04229199617677832,0.014075104848470658,3,positive
instacart,relational_strength,3,fpmc,3946.6666666666665,3946.6666666666665,0.155853082719715,0.01791164682676809,-0.0939914605780066,0.005193694417495374,3,negative
instacart,relational_strength,3,frequency,3946.6666666666665,3946.6666666666665,0.2022430753507084,0.011952427592717377,0.11012535897308286,0.009673751317522045,3,positive
instacart,relational_strength,3,recency,3946.6666666666665,3946.6666666666665,0.13957651156308418,0.01100111432342812,-0.07006761052299955,0.007889067512836008,3,negative
instacart,relational_strength,3,tifuknn,3946.6666666666665,3946.6666666666665,0.1995204540785418,0.008027374734328248,0.09588103220991588,0.009560965452052502,3,positive
instacart,relational_strength,3,triple2vec,3946.6666666666665,3946.6666666666665,0.18071188697278692,0.02637567671972827,0.06837040680592554,0.03483402777360563,3,positive
instacart,relational_strength,5,cbp,3102.3333333333335,3102.3333333333335,0.2202012346318074,0.014927907422392254,0.12056311681492055,0.027701244576195713,3,positive
instacart,relational_strength,5,diffrec,3102.3333333333335,3102.3333333333335,0.1634842919556282,0.019969435089464152,-0.03398935768426953,0.01254192882756296,3,negative
instacart,relational_strength,5,dnntsp,3102.3333333333335,3102.3333333333335,0.1943977243590874,0.017280443314463264,0.0242985298219458,0.015148110218973119,3,positive
instacart,relational_strength,5,fpmc,3102.3333333333335,3102.3333333333335,0.17472993582862653,0.008090919617633844,-0.09068932837274868,0.009575660720848039,3,negative
instacart,relational_strength,5,frequency,3102.3333333333335,3102.3333333333335,0.21787035421489184,0.01562962868658014,0.11841506219989865,0.016481825171434508,3,positive
instacart,relational_strength,5,recency,3102.3333333333335,3102.3333333333335,0.15824574042253556,0.01039732257247785,-0.06391435632693056,0.009154163311367314,3,negative
instacart,relational_strength,5,tifuknn,3102.3333333333335,3102.3333333333335,0.21436594041999843,0.010184151654244772,0.10379379485259703,0.00805810808288662,3,positive
instacart,relational_strength,5,triple2vec,3102.3333333333335,3102.3333333333335,0.19564715990785442,0.026834854160116252,0.07912100942554576,0.02061699805755494,3,positive
instacart,transition_strength,2,cbp,4124.0,4124.0,0.20239456450444318,0.011200033650667117,0.11948329596490166,0.01385609843197749,3,positive
instacart,transition_strength,2,diffrec,4124.0,4124.0,0.13179422934902982,0.010524923793818846,-0.04796597439226872,0.005350252769269499,3,negative
instacart,transition_strength,2,dnntsp,4124.0,4124.0,0.1726914765090346,0.018843003205803774,0.02392298922009173,0.022049567624888727,3,mixed
instacart,transition_strength,2,fpmc,4124.0,4124.0,0.10338431422711891,0.01125785682921637,-0.11452171364671769,0.009360774892832229,3,negative
instacart,transition_strength,2,frequency,4124.0,4124.0,0.2018844960712702,0.016587288192224613,0.12374344562401728,0.013613678997970618,3,positive
instacart,transition_strength,2,recency,4124.0,4124.0,0.1332477083945369,0.004527757811163877,-0.05901168481179874,0.02321468251579542,3,negative
instacart,transition_strength,2,tifuknn,4124.0,4124.0,0.1975801323161698,0.009859199588036027,0.10810006349033967,0.009113270939237552,3,positive
instacart,transition_strength,2,triple2vec,4124.0,4124.0,0.19190995676817812,0.02290377401242225,0.10052100292578037,0.022472230804793887,3,positive
instacart,transition_strength,3,cbp,3946.6666666666665,3946.6666666666665,0.20601830222006923,0.011896785798376004,0.12098688004303852,0.017157585647465893,3,positive
instacart,transition_strength,3,diffrec,3946.6666666666665,3946.6666666666665,0.13340198751455015,0.008581853655753046,-0.050500135720569085,0.006780510379181437,3,negative
instacart,transition_strength,3,dnntsp,3946.6666666666665,3946.6666666666665,0.17488753953381123,0.015924087439044814,0.02297653391363108,0.02309643486864322,3,mixed
instacart,transition_strength,3,fpmc,3946.6666666666665,3946.6666666666665,0.10762705921003946,0.014323784688481295,-0.1147778935722467,0.0052426860062868815,3,negative
instacart,transition_strength,3,frequency,3946.6666666666665,3946.6666666666665,0.20537440469705756,0.014403756816271939,0.1248469396881907,0.009847948750136958,3,positive
instacart,transition_strength,3,recency,3946.6666666666665,3946.6666666666665,0.13880912262716166,0.005353853072774826,-0.054931756461209263,0.01762854722242769,3,negative
instacart,transition_strength,3,tifuknn,3946.6666666666665,3946.6666666666665,0.2019168981633098,0.00809349763945856,0.11051052336275995,0.009988995514587661,3,positive
instacart,transition_strength,3,triple2vec,3946.6666666666665,3946.6666666666665,0.1950087671595886,0.02071356719671039,0.10080010999832273,0.02041189007614783,3,positive
instacart,transition_strength,5,cbp,3102.3333333333335,3102.3333333333335,0.2247459241855264,0.020169206597902216,0.12748490055489822,0.013742599713325317,3,positive
instacart,transition_strength,5,diffrec,3102.3333333333335,3102.3333333333335,0.14562102393909693,0.02103909006321139,-0.0621393262968459,0.0012941594050684966,3,negative
instacart,transition_strength,5,dnntsp,3102.3333333333335,3102.3333333333335,0.17869726340669131,0.02915457182967684,0.002006927088767292,0.029117289037105802,3,mixed
instacart,transition_strength,5,fpmc,3102.3333333333335,3102.3333333333335,0.13681954093508547,0.020370848640862794,-0.11147027821616524,0.008692343852337699,3,negative
instacart,transition_strength,5,frequency,3102.3333333333335,3102.3333333333335,0.22419147497358216,0.025121342230148416,0.13070378673808578,0.02065699630076924,3,positive
instacart,transition_strength,5,recency,3102.3333333333335,3102.3333333333335,0.16404716717865853,0.013616516782322294,-0.04837605258606536,0.018531726653309454,3,negative
instacart,transition_strength,5,tifuknn,3102.3333333333335,3102.3333333333335,0.22156362246853775,0.016400814169560966,0.11837395701265302,0.009495848498504681,3,positive
instacart,transition_strength,5,triple2vec,3102.3333333333335,3102.3333333333335,0.21586617797870758,0.02398542424263185,0.11108866438934335,0.006378567452013049,3,positive
sam,relational_strength,2,cbp,3678.0,3678.0,-0.10240917146518942,0.021968480732722236,-0.018365699148792818,0.023535128903462356,3,negative
sam,relational_strength,2,diffrec,3678.0,3678.0,0.0498589742261795,0.00849090792453202,0.0793930431773078,0.020073189387639988,3,positive
sam,relational_strength,2,dnntsp,3678.0,3678.0,-0.023502929570666478,0.018612235515250732,-0.019163033722491802,0.0335634508290882,3,mixed
sam,relational_strength,2,fpmc,3678.0,3678.0,-0.12463380925556329,0.017131436761749597,-0.10624603295904318,0.025252058923594587,3,negative
sam,relational_strength,2,frequency,3678.0,3678.0,-0.10693716728254243,0.019538878293544126,-0.03315158828610074,0.017548974826175092,3,negative
sam,relational_strength,2,recency,3678.0,3678.0,-0.1291633797443242,0.018517463049574346,-0.16525782474332854,0.01780340253731115,3,negative
sam,relational_strength,2,tifuknn,3678.0,3678.0,-0.10455306203769867,0.016740115524893365,-0.027594989072190046,0.01299604819451543,3,negative
sam,relational_strength,2,triple2vec,3678.0,3678.0,-0.09831512679024522,0.0178577312378537,-0.013832134179760605,0.013429806199421182,3,mixed
sam,relational_strength,3,cbp,2664.3333333333335,2664.3333333333335,-0.08472475992167279,0.026830235492587583,0.011478949997717985,0.014679552750366262,3,mixed
sam,relational_strength,3,diffrec,2664.3333333333335,2664.3333333333335,0.03577777782309278,0.002771558494857942,0.04964360968939067,0.025796680990471388,3,positive
sam,relational_strength,3,dnntsp,2664.3333333333335,2664.3333333333335,-0.017034117384513773,0.03254621554257394,-0.026221665467559788,0.02899195851439123,3,mixed
sam,relational_strength,3,fpmc,2664.3333333333335,2664.3333333333335,-0.12989311702335296,0.022543217597720194,-0.1450020540792262,0.03269653349068315,3,negative
sam,relational_strength,3,frequency,2664.3333333333335,2664.3333333333335,-0.09112309440563866,0.02874250915195476,-0.003930578332785092,0.015643835163196226,3,mixed
sam,relational_strength,3,recency,2664.3333333333335,2664.3333333333335,-0.10605899525521822,0.03774954769416723,-0.14378104915437753,0.02602517869017834,3,negative
sam,relational_strength,3,tifuknn,2664.3333333333335,2664.3333333333335,-0.08586686249385483,0.02572895526204439,-0.0014902287914747205,0.009521763952881736,3,mixed
sam,relational_strength,3,triple2vec,2664.3333333333335,2664.3333333333335,-0.07712283098486697,0.025799226688180427,0.023704040654863312,0.006187580523451694,3,positive
sam,relational_strength,5,cbp,1643.6666666666667,1643.6666666666667,-0.04959624677656014,0.018428796059985007,0.02877971362228986,0.017766000572719515,3,positive
sam,relational_strength,5,diffrec,1643.6666666666667,1643.6666666666667,0.033421117951421414,0.006964218334864672,0.01715716220900369,0.023043061822382704,3,mixed
sam,relational_strength,5,dnntsp,1643.6666666666667,1643.6666666666667,0.05408208998343031,0.03080290343093814,0.01258927355313331,0.019950215715057593,3,mixed
sam,relational_strength,5,fpmc,1643.6666666666667,1643.6666666666667,-0.10391010156105208,0.04531752302543938,-0.17642702807274493,0.048356667589529244,3,negative
sam,relational_strength,5,frequency,1643.6666666666667,1643.6666666666667,-0.055971050282413726,0.01936931538003681,0.01926818800051094,0.016095192231283865,3,positive
sam,relational_strength,5,recency,1643.6666666666667,1643.6666666666667,-0.05217043970586522,0.035308621621628386,-0.11580414382367239,0.02673188257161464,3,negative
sam,relational_strength,5,tifuknn,1643.6666666666667,1643.6666666666667,-0.047867552221944464,0.012956292139696414,0.018809694846620924,0.009119165821654108,3,positive
sam,relational_strength,5,triple2vec,1643.6666666666667,1643.6666666666667,-0.03948682902679076,0.014704447219117355,0.05005607500976953,0.0040731670131484215,3,positive
sam,transition_strength,2,cbp,3678.0,3678.0,-0.15121297231422767,0.011767266631197372,-0.05797111437429444,0.01246656963349066,3,negative
sam,transition_strength,2,diffrec,3678.0,3678.0,-0.1530837204176905,0.026686522240017004,-0.04782610809066464,0.039182716347451664,3,negative
sam,transition_strength,2,dnntsp,3678.0,3678.0,-0.10689264135206596,0.006263627308218716,-0.016597883836442406,0.01480395748680703,3,negative
sam,transition_strength,2,fpmc,3678.0,3678.0,-0.09187523804638131,0.006496691746505966,0.01985737723156479,0.02133970739380244,3,mixed
sam,transition_strength,2,frequency,3678.0,3678.0,-0.15029673185377038,0.011923450441407683,-0.06744215076399032,0.013438444448040347,3,negative
sam,transition_strength,2,recency,3678.0,3678.0,-0.15293939265631748,0.01956407798995397,-0.08463675022774587,0.017751759688368323,3,negative
sam,transition_strength,2,tifuknn,3678.0,3678.0,-0.14093804267315693,0.021728005545388042,-0.04333842506044933,0.024353383998617327,3,negative
sam,transition_strength,2,triple2vec,3678.0,3678.0,-0.14434898712519453,0.012024804219502546,-0.0402775794070254,0.00656438639049013,3,negative
sam,transition_strength,3,cbp,2664.3333333333335,2664.3333333333335,-0.10605533149220055,0.01252551118041291,-0.014590834230154432,0.0019440905004086328,3,negative
sam,transition_strength,3,diffrec,2664.3333333333335,2664.3333333333335,-0.12493887363786017,0.0324350279178459,-0.06361631872231023,0.030581716574036893,3,negative
sam,transition_strength,3,dnntsp,2664.3333333333335,2664.3333333333335,-0.08412372271561212,0.022805879752839448,-0.024687091787913226,0.03673461791105921,3,mixed
sam,transition_strength,3,fpmc,2664.3333333333335,2664.3333333333335,-0.07954259155351794,0.020131718407103785,-0.023505892450641747,0.02482794257065386,3,mixed
sam,transition_strength,3,frequency,2664.3333333333335,2664.3333333333335,-0.1100358855636503,0.01719615387640036,-0.025441991590222483,0.0038506634206804313,3,negative
sam,transition_strength,3,recency,2664.3333333333335,2664.3333333333335,-0.12162267638626102,0.02335309719356195,-0.08080888469712016,0.015624004271622742,3,negative
sam,transition_strength,3,tifuknn,2664.3333333333335,2664.3333333333335,-0.1047316888715225,0.013501047119384399,-0.012283981797746849,0.00821564632796169,3,negative
sam,transition_strength,3,triple2vec,2664.3333333333335,2664.3333333333335,-0.10270795806849686,0.014294918335095094,-0.0013157252413328671,0.004183209709364774,3,mixed
sam,transition_strength,5,cbp,1643.6666666666667,1643.6666666666667,-0.03692602530366298,0.024698966015399143,0.026931121315307515,0.02073688604584845,3,positive
sam,transition_strength,5,diffrec,1643.6666666666667,1643.6666666666667,-0.08268712387686757,0.04315312679933986,-0.09073281096102291,0.037964335560265086,3,negative
sam,transition_strength,5,dnntsp,1643.6666666666667,1643.6666666666667,-0.015854844376699314,0.013720174947666447,-0.013982555073323693,0.04409304594158864,3,mixed
sam,transition_strength,5,fpmc,1643.6666666666667,1643.6666666666667,-0.049533612657430136,0.04894473049888625,-0.08311706296743195,0.021401270418692327,3,negative
sam,transition_strength,5,frequency,1643.6666666666667,1643.6666666666667,-0.03675723537676366,0.021052447035981466,0.030890016412159552,0.01411622805270352,3,positive
sam,transition_strength,5,recency,1643.6666666666667,1643.6666666666667,-0.056331317095729194,0.024154957986952105,-0.06487055513293932,0.017449231179212578,3,negative
sam,transition_strength,5,tifuknn,1643.6666666666667,1643.6666666666667,-0.02917046209507504,0.01961288368715004,0.03722869859646993,0.022011813662926163,3,positive
sam,transition_strength,5,triple2vec,1643.6666666666667,1643.6666666666667,-0.027532684946952813,0.017997775627486223,0.050707464685585436,0.018811848673328333,3,positive
tafeng,relational_strength,2,cbp,2805.3333333333335,2805.3333333333335,0.01982739084383213,0.01865343617664029,-0.0034877942879177246,0.025821724439131687,3,mixed
tafeng,relational_strength,2,diffrec,2805.3333333333335,2805.3333333333335,-1.709988690042537e-05,0.027608582291718003,-0.02820534211013519,0.03021159720971116,3,mixed
tafeng,relational_strength,2,dnntsp,2805.3333333333335,2805.3333333333335,0.028936530519802512,0.01398603745063579,0.015766299766289533,0.02318789873160058,3,mixed
tafeng,relational_strength,2,fpmc,2805.3333333333335,2805.3333333333335,0.00729908063518156,0.021383417082183862,-0.015200924541815597,0.0208826980903564,3,mixed
tafeng,relational_strength,2,frequency,2805.3333333333335,2805.3333333333335,-0.005132647926864673,0.015218545497295507,-0.035244564862225734,0.00884417645568483,3,negative
tafeng,relational_strength,2,recency,2805.3333333333335,2805.3333333333335,0.007759044486576917,0.031159331571910837,-0.012048314585902303,0.030775181405932217,3,mixed
tafeng,relational_strength,2,tifuknn,2805.3333333333335,2805.3333333333335,0.019068723516121922,0.02024662416321315,0.003991973255472965,0.028007506742467478,3,mixed
tafeng,relational_strength,2,triple2vec,2805.3333333333335,2805.3333333333335,-0.0031129319328297884,0.015268915853785373,-0.03404108042075427,0.005042223631566626,3,negative
tafeng,relational_strength,3,cbp,2039.6666666666667,2039.6666666666667,0.037586721534177865,0.02297212517219652,0.008017161147782224,0.03757504658301155,3,mixed
tafeng,relational_strength,3,diffrec,2039.6666666666667,2039.6666666666667,0.019079677514421464,0.03476092623248948,-0.014561989482143739,0.0388030872401569,3,mixed
tafeng,relational_strength,3,dnntsp,2039.6666666666667,2039.6666666666667,0.04189537125694432,0.013115330996218394,0.02259795567355113,0.01868965355056072,3,positive
tafeng,relational_strength,3,fpmc,2039.6666666666667,2039.6666666666667,0.02775647930640591,0.022127714902049823,0.00010327905215382303,0.0162382789605809,3,mixed
tafeng,relational_strength,3,frequency,2039.6666666666667,2039.6666666666667,0.008327771348867597,0.02580655943019844,-0.026147363051038444,0.02257808572796575,3,negative
tafeng,relational_strength,3,recency,2039.6666666666667,2039.6666666666667,0.007060291048768021,0.02293033253005823,-0.02637745377231333,0.028293848356633084,3,negative
tafeng,relational_strength,3,tifuknn,2039.6666666666667,2039.6666666666667,0.02021595708576317,0.006907463536157816,-0.009891842771260682,0.013243742193997713,3,negative
tafeng,relational_strength,3,triple2vec,2039.6666666666667,2039.6666666666667,0.005963053471705351,0.014160774167431481,-0.03172279206322016,0.003034556930695099,3,negative
tafeng,relational_strength,5,cbp,1146.6666666666667,1146.6666666666667,0.04323296924440707,0.020704961681702067,0.024425087063653386,0.03364676200622255,3,mixed
tafeng,relational_strength,5,diffrec,1146.6666666666667,1146.6666666666667,0.020933585537413407,0.03423492004737306,-0.0032954109752701606,0.030104790458401115,3,mixed
tafeng,relational_strength,5,dnntsp,1146.6666666666667,1146.6666666666667,0.03596128335973282,0.012651412611303843,0.02582143891017083,0.021027674779984563,3,positive
tafeng,relational_strength,5,fpmc,1146.6666666666667,1146.6666666666667,0.03292326991777921,0.022563956202399114,0.016855422330681977,0.0217107800307668,3,mixed
tafeng,relational_strength,5,frequency,1146.6666666666667,1146.6666666666667,0.012947878949566312,0.02538986574107018,-0.015213477474245651,0.03148520656645321,3,mixed
tafeng,relational_strength,5,recency,1146.6666666666667,1146.6666666666667,-0.0006319390028526895,0.03251246371704398,-0.02856614361626925,0.0362284686142251,3,mixed
tafeng,relational_strength,5,tifuknn,1146.6666666666667,1146.6666666666667,0.019242932461283592,0.012668361286541679,-0.009396051524302939,0.011818783036667812,3,mixed
tafeng,relational_strength,5,triple2vec,1146.6666666666667,1146.6666666666667,0.011033848993200967,0.024565494704698373,-0.023875046165871872,0.024213954919663383,3,mixed
tafeng,transition_strength,2,cbp,2805.3333333333335,2805.3333333333335,-0.03079672329793957,0.019644220426183263,-0.03256189874609308,0.030967691333105354,3,negative
tafeng,transition_strength,2,diffrec,2805.3333333333335,2805.3333333333335,-0.0147164547587054,0.018899974778410267,0.00638688720715223,0.023889376793383328,3,mixed
tafeng,transition_strength,2,dnntsp,2805.3333333333335,2805.3333333333335,-0.04485140310662333,0.02868492484098466,-0.03214071913912788,0.01464400152171392,3,negative
tafeng,transition_strength,2,fpmc,2805.3333333333335,2805.3333333333335,-0.06990149952452404,0.020576037929618634,-0.05681663839235449,0.031109270821105567,3,negative
tafeng,transition_strength,2,frequency,2805.3333333333335,2805.3333333333335,0.012388262996612498,0.013937109758850003,0.0544852285632541,0.0035350464318574123,3,positive
tafeng,transition_strength,2,recency,2805.3333333333335,2805.3333333333335,0.013817139575495902,0.02177434014719871,0.03329036991081705,0.004921779106659637,3,positive
tafeng,transition_strength,2,tifuknn,2805.3333333333335,2805.3333333333335,0.015188093838046542,0.020921103199799264,0.04844053434966588,0.014055044132195129,3,positive
tafeng,transition_strength,2,triple2vec,2805.3333333333335,2805.3333333333335,0.00023376629218655604,0.012743201690564478,0.024385622648216292,0.011144351719265432,3,positive
tafeng,transition_strength,3,cbp,2039.6666666666667,2039.6666666666667,-0.030761753265262034,0.0152587736448492,-0.030589444262015777,0.02494580746779475,3,negative
tafeng,transition_strength,3,diffrec,2039.6666666666667,2039.6666666666667,-0.00951938705794863,0.019910007868179928,0.011898929519751638,0.015033336292120713,3,mixed
tafeng,transition_strength,3,dnntsp,2039.6666666666667,2039.6666666666667,-0.045463781237978035,0.031211288969434488,-0.028290916231424584,0.01673370976467183,3,negative
tafeng,transition_strength,3,fpmc,2039.6666666666667,2039.6666666666667,-0.066508565694702,0.013665003802552997,-0.05057897351251232,0.026220695207595394,3,negative
tafeng,transition_strength,3,frequency,2039.6666666666667,2039.6666666666667,0.01296430508984261,0.021746351450612083,0.06097399532351022,0.007136381218263043,3,positive
tafeng,transition_strength,3,recency,2039.6666666666667,2039.6666666666667,0.011926522121149766,0.03172863837186139,0.03960163333867157,0.0038175224967803584,3,positive
tafeng,transition_strength,3,tifuknn,2039.6666666666667,2039.6666666666667,0.01234832617038256,0.0238803619803046,0.0520620014890135,0.007747528612605312,3,positive
tafeng,transition_strength,3,triple2vec,2039.6666666666667,2039.6666666666667,-0.000773851870663915,0.012827196579726738,0.0281585734792086,0.0057278172354064865,3,positive
tafeng,transition_strength,5,cbp,1146.6666666666667,1146.6666666666667,-0.03479241782569901,0.03583061575666725,-0.02235289789128661,0.04650914552966046,3,mixed
tafeng,transition_strength,5,diffrec,1146.6666666666667,1146.6666666666667,-0.03356599508730685,0.03152996857812146,-0.00937293450606329,0.024620536697239175,3,mixed
tafeng,transition_strength,5,dnntsp,1146.6666666666667,1146.6666666666667,-0.058673652465944824,0.03682404673654826,-0.03835321522284831,0.004711864143785376,3,negative
tafeng,transition_strength,5,fpmc,1146.6666666666667,1146.6666666666667,-0.07744977809760706,0.03229353739842194,-0.05280003146153366,0.04691464440636385,3,negative
tafeng,transition_strength,5,frequency,1146.6666666666667,1146.6666666666667,-0.002693384290949366,0.04864110110537845,0.05338085665714748,0.03145066651689654,3,positive
tafeng,transition_strength,5,recency,1146.6666666666667,1146.6666666666667,0.01262404779451806,0.039449750708948274,0.05048419203771848,0.015000770533125098,3,positive
tafeng,transition_strength,5,tifuknn,1146.6666666666667,1146.6666666666667,0.007223741048086821,0.035143013967383806,0.054011524743607736,0.03172270273943133,3,positive
tafeng,transition_strength,5,triple2vec,1146.6666666666667,1146.6666666666667,-0.0007399155007973996,0.0388844778957067,0.036910920617661304,0.015937937618758783,3,positive
valuedshopper,relational_strength,2,cbp,6214.0,6214.0,0.0930410444366085,0.010633359934084888,-0.0001136876996577644,0.0009790039431958127,3,mixed
valuedshopper,relational_strength,2,diffrec,6214.0,6214.0,0.12055330214145436,0.01511157846907894,0.045235466511379156,0.028486673759311396,3,positive
valuedshopper,relational_strength,2,dnntsp,6214.0,6214.0,0.11873369516349419,0.010863395450481685,0.041268496595225794,0.012634107166026228,3,positive
valuedshopper,relational_strength,2,fpmc,6214.0,6214.0,0.13060280536673888,0.012605433296240899,0.0064440254551979765,0.005504896183102637,3,positive
valuedshopper,relational_strength,2,frequency,6214.0,6214.0,0.09317928772261101,0.013122859505902649,0.0003777608106882717,0.00856968672759347,3,mixed
valuedshopper,relational_strength,2,recency,6214.0,6214.0,0.0798801945838889,0.011426216693232188,-0.07279226110953742,0.001329547947666095,3,negative
valuedshopper,relational_strength,2,tifuknn,6214.0,6214.0,0.10081776124792811,0.015805063796887994,0.031720996655833215,0.01728653745571489,3,positive
valuedshopper,relational_strength,2,triple2vec,6214.0,6214.0,0.10059183021558166,0.013974218816391036,0.028914881232071987,0.013760067203074445,3,positive
valuedshopper,relational_strength,3,cbp,6203.333333333333,6203.333333333333,0.0936468437919824,0.010471229550742828,0.00035573213200031805,0.0008880369959214151,3,mixed
valuedshopper,relational_strength,3,diffrec,6203.333333333333,6203.333333333333,0.12092397666239495,0.015661439802905644,0.04516142488138622,0.028587583660151197,3,positive
valuedshopper,relational_strength,3,dnntsp,6203.333333333333,6203.333333333333,0.1190987817191312,0.01032615006459953,0.041204588591089907,0.012962006833404368,3,positive
valuedshopper,relational_strength,3,fpmc,6203.333333333333,6203.333333333333,0.13071966884887234,0.012610521301607534,0.006050543047250264,0.005392131615871774,3,positive
valuedshopper,relational_strength,3,frequency,6203.333333333333,6203.333333333333,0.09379137548939853,0.013265505455224891,0.0009619767217983751,0.009144414227532777,3,mixed
valuedshopper,relational_strength,3,recency,6203.333333333333,6203.333333333333,0.08033758269341261,0.011863363658798459,-0.0727917809479079,0.0009268686866552153,3,negative
valuedshopper,relational_strength,3,tifuknn,6203.333333333333,6203.333333333333,0.101331570988086,0.015645482120134255,0.03212900363759959,0.016960367431947367,3,positive
valuedshopper,relational_strength,3,triple2vec,6203.333333333333,6203.333333333333,0.10137807153539574,0.013574422984912116,0.029824359864356245,0.01321323101419013,3,positive
valuedshopper,relational_strength,5,cbp,6192.333333333333,6192.333333333333,0.09376631656707983,0.010382043910710494,-8.68030672074197e-05,0.0015806330964782127,3,mixed
valuedshopper,relational_strength,5,diffrec,6192.333333333333,6192.333333333333,0.12130786548154626,0.015848481923428935,0.04547429339255422,0.028755686168698457,3,positive
valuedshopper,relational_strength,5,dnntsp,6192.333333333333,6192.333333333333,0.11949007211105771,0.010555329911602278,0.04118379041551536,0.013045386459917778,3,positive
valuedshopper,relational_strength,5,fpmc,6192.333333333333,6192.333333333333,0.13128683272433436,0.01266298265344255,0.006112721188038932,0.006037227411882814,3,mixed
valuedshopper,relational_strength,5,frequency,6192.333333333333,6192.333333333333,0.09400072187717533,0.01329410617155301,0.0005782320289834329,0.008581630687814439,3,mixed
valuedshopper,relational_strength,5,recency,6192.333333333333,6192.333333333333,0.08082053839837051,0.012361856129237757,-0.07256415941950889,0.0010913804049331355,3,negative
valuedshopper,relational_strength,5,tifuknn,6192.333333333333,6192.333333333333,0.10185446128114713,0.01602203126244124,0.03291254373831723,0.017837795040726096,3,positive
valuedshopper,relational_strength,5,triple2vec,6192.333333333333,6192.333333333333,0.10168889907152275,0.01375747715511334,0.029983778904040848,0.013059629395072847,3,positive
valuedshopper,transition_strength,2,cbp,6214.0,6214.0,0.1215434031663732,0.0033298668448409558,0.024398714872517217,0.01051847462215596,3,positive
valuedshopper,transition_strength,2,diffrec,6214.0,6214.0,0.12336916771989297,0.005968550516059772,0.012471488535394244,0.023210400006783125,3,mixed
valuedshopper,transition_strength,2,dnntsp,6214.0,6214.0,0.12582596522097722,0.0067227151411292435,0.017901895766131107,0.01055418120238164,3,positive
valuedshopper,transition_strength,2,fpmc,6214.0,6214.0,0.15280695115383544,0.00695854700470358,0.014416024235346285,0.006602475574829135,3,positive
valuedshopper,transition_strength,2,frequency,6214.0,6214.0,0.12007270307335867,0.003897308511973797,0.017949435623252973,0.0017298922992100842,3,positive
valuedshopper,transition_strength,2,recency,6214.0,6214.0,0.10786085986627592,0.002138699950620742,-0.052937177252534835,0.001490238333804929,3,negative
valuedshopper,transition_strength,2,tifuknn,6214.0,6214.0,0.12790239584004626,0.006838624280477489,0.045372688764440894,0.010816808799182301,3,positive
valuedshopper,transition_strength,2,triple2vec,6214.0,6214.0,0.12761164629178598,0.009214769977026893,0.04212949544145664,0.014691882172578417,3,positive
valuedshopper,transition_strength,3,cbp,6203.333333333333,6203.333333333333,0.12148399254957609,0.003594686808953001,0.024650789641547866,0.011324055059487016,3,positive
valuedshopper,transition_strength,3,diffrec,6203.333333333333,6203.333333333333,0.12325983295461174,0.005823454039564565,0.012413479323036256,0.023619114959537356,3,mixed
valuedshopper,transition_strength,3,dnntsp,6203.333333333333,6203.333333333333,0.12554170927144015,0.006767306405620731,0.017631150253214902,0.010739744708759848,3,positive
valuedshopper,transition_strength,3,fpmc,6203.333333333333,6203.333333333333,0.15267152077555768,0.006907095313132977,0.014375229449877304,0.0069335695482485695,3,positive
valuedshopper,transition_strength,3,frequency,6203.333333333333,6203.333333333333,0.12005895989578474,0.0035090220536217885,0.018401840310717548,0.002453948684739218,3,positive
valuedshopper,transition_strength,3,recency,6203.333333333333,6203.333333333333,0.10766971277175376,0.0023890308599781988,-0.052830088537093395,0.0009718983133385017,3,negative
valuedshopper,transition_strength,3,tifuknn,6203.333333333333,6203.333333333333,0.12771435584400367,0.006810470204182169,0.04531890311149641,0.010895895145227454,3,positive
valuedshopper,transition_strength,3,triple2vec,6203.333333333333,6203.333333333333,0.12765295097605692,0.008992855176037682,0.04240948027311723,0.01443760250490802,3,positive
valuedshopper,transition_strength,5,cbp,6192.333333333333,6192.333333333333,0.12145666184241342,0.003734156525656473,0.02514334666712136,0.01181895628700136,3,positive
valuedshopper,transition_strength,5,diffrec,6192.333333333333,6192.333333333333,0.12313135208874777,0.005738522726772528,0.012273374204263311,0.023603001164552054,3,mixed
valuedshopper,transition_strength,5,dnntsp,6192.333333333333,6192.333333333333,0.12559894588749154,0.006807098610015497,0.01804608578177042,0.010430234342733944,3,positive
valuedshopper,transition_strength,5,fpmc,6192.333333333333,6192.333333333333,0.15255897154257966,0.006844435564290557,0.013969362883990458,0.006891645349528067,3,positive
valuedshopper,transition_strength,5,frequency,6192.333333333333,6192.333333333333,0.12007276418587542,0.0035512705901177494,0.018899356372260104,0.0027654508966596177,3,positive
valuedshopper,transition_strength,5,recency,6192.333333333333,6192.333333333333,0.10745120863438944,0.002698602295570851,-0.05276985748671124,0.000695074023245505,3,negative
valuedshopper,transition_strength,5,tifuknn,6192.333333333333,6192.333333333333,0.12756684511175853,0.007146375516767689,0.04552935064801392,0.010971729581276282,3,positive
valuedshopper,transition_strength,5,triple2vec,6192.333333333333,6192.333333333333,0.12744425410441224,0.009167312618332167,0.042250814606777924,0.014859265706506579,3,positive
