dataset,keyset,method_a,method_b,mean_difference,ci_low,ci_high,a_significantly_better,b_significantly_better
dunnhumby,0,recency,frequency,-0.09226977985354076,-0.0983933621302258,-0.08590049783177518,False,True
dunnhumby,0,recency,tifuknn,-0.09019254985036615,-0.09569680774873232,-0.08444342184095956,False,True
dunnhumby,0,recency,fpmc,0.03833656090549616,0.03206871273155756,0.04432783619142589,True,False
dunnhumby,0,recency,triple2vec,-0.08480206695780641,-0.09162309540689385,-0.0782156824174723,False,True
dunnhumby,0,recency,dnntsp,-0.05934991786924729,-0.06608585604365934,-0.053246028727244155,False,True
dunnhumby,0,recency,cbp,-0.09330568718994821,-0.09978122681714964,-0.0867514756797693,False,True
dunnhumby,0,recency,diffrec,-0.07969369109763792,-0.08636873527934813,-0.0735976920425143,False,True
dunnhumby,0,frequency,tifuknn,0.0020772300031746166,-0.0014127206292462277,0.005572005540550558,False,False
dunnhumby,0,frequency,fpmc,0.13060634075903693,0.12361597743958222,0.1379295639004777,True,False
dunnhumby,0,frequency,triple2vec,0.007467712895734336,0.004154590375547482,0.010287673212028408,True,False
dunnhumby,0,frequency,dnntsp,0.03291986198429347,0.02763971558685206,0.03794278022161849,True,False
dunnhumby,0,frequency,cbp,-0.001035907336407451,-0.002403854578014745,0.00037593903570684004,False,False
dunnhumby,0,frequency,diffrec,0.012576088755902843,0.008718374486296084,0.016081750960593097,True,False
dunnhumby,0,tifuknn,fpmc,0.12852911075586232,0.12175191524379862,0.13533116853421956,True,False
dunnhumby,0,tifuknn,triple2vec,0.00539048289255972,0.0013027132073206464,0.009560440906424373,True,False
dunnhumby,0,tifuknn,dnntsp,0.030842631981118848,0.025786302009621235,0.0358594008914451,True,False
dunnhumby,0,tifuknn,cbp,-0.003113137339582068,-0.006593100978624007,0.0004447170161635333,False,False
dunnhumby,0,tifuknn,diffrec,0.010498858752728227,0.006522743319587148,0.01452773850223602,True,False
dunnhumby,0,fpmc,triple2vec,-0.12313862786330258,-0.1307197383476956,-0.11568468174470352,False,True
dunnhumby,0,fpmc,dnntsp,-0.09768647877474346,-0.10450410755060317,-0.09092666896327738,False,True
dunnhumby,0,fpmc,cbp,-0.1316422480954444,-0.13927853634263487,-0.12466605162656415,False,True
dunnhumby,0,fpmc,diffrec,-0.11803025200313409,-0.12451560750406246,-0.11146680158519962,False,True
dunnhumby,0,triple2vec,dnntsp,0.025452149088559133,0.02018555482254686,0.03084279239476544,True,False
dunnhumby,0,triple2vec,cbp,-0.008503620232141788,-0.011786547896551425,-0.0050234909987227775,False,True
dunnhumby,0,triple2vec,diffrec,0.005108375860168504,0.0007775581925164456,0.009527798162438591,True,False
dunnhumby,0,dnntsp,cbp,-0.033955769320700914,-0.039237773273883975,-0.029113856231685997,False,True
dunnhumby,0,dnntsp,diffrec,-0.02034377322839063,-0.025549257375878542,-0.014711378728822774,False,True
dunnhumby,0,cbp,diffrec,0.013611996092310296,0.009677499228537173,0.017526379878174896,True,False
dunnhumby,1,recency,frequency,-0.09906781668221741,-0.10560708194595816,-0.09281957407631469,False,True
dunnhumby,1,recency,tifuknn,-0.09178585934464475,-0.09745201502668115,-0.0862571844686652,False,True
dunnhumby,1,recency,fpmc,0.03608425321334895,0.029586307246060775,0.04246510508999098,True,False
dunnhumby,1,recency,triple2vec,-0.08776653846528784,-0.0944605576759561,-0.08110496617585852,False,True
dunnhumby,1,recency,dnntsp,-0.04445539842688105,-0.05117413181993784,-0.037307781936500445,False,True
dunnhumby,1,recency,cbp,-0.09989315203362424,-0.10615024094720024,-0.09369279119134291,False,True
dunnhumby,1,recency,diffrec,-0.0813286869481447,-0.08766563361854757,-0.07478663240687354,False,True
dunnhumby,1,frequency,tifuknn,0.007281957337572656,0.003896459015850396,0.011119618049423694,True,False
dunnhumby,1,frequency,fpmc,0.13515206989556636,0.12723912890085648,0.1426230816560723,True,False
dunnhumby,1,frequency,triple2vec,0.011301278216929563,0.00797729724920143,0.014653924036421179,True,False
dunnhumby,1,frequency,dnntsp,0.05461241825533636,0.04911036744279466,0.060332459904576724,True,False
dunnhumby,1,frequency,cbp,-0.0008253353514068302,-0.00236927556916642,0.0006757503784684669,False,False
dunnhumby,1,frequency,diffrec,0.01773912973407271,0.013854080286090444,0.02146832541395694,True,False
dunnhumby,1,tifuknn,fpmc,0.12787011255799371,0.12091391533339567,0.1347923055718036,True,False
dunnhumby,1,tifuknn,triple2vec,0.004019320879356906,0.00010898045828192519,0.008075887654517954,True,False
dunnhumby,1,tifuknn,dnntsp,0.047330460917763696,0.04184342266577122,0.053536612973495205,True,False
dunnhumby,1,tifuknn,cbp,-0.008107292688979487,-0.011792500210413268,-0.004492680074145803,False,True
dunnhumby,1,tifuknn,diffrec,0.010457172396500056,0.006214364751932776,0.014787341701540089,True,False
dunnhumby,1,fpmc,triple2vec,-0.12385079167863682,-0.1316745725338785,-0.11597907803938452,False,True
dunnhumby,1,fpmc,dnntsp,-0.08053965164023001,-0.08689866713345033,-0.07332120587718155,False,True
dunnhumby,1,fpmc,cbp,-0.1359774052469732,-0.14333501480221927,-0.1285788882130366,False,True
dunnhumby,1,fpmc,diffrec,-0.11741294016149363,-0.124680345696893,-0.1101112462369998,False,True
dunnhumby,1,triple2vec,dnntsp,0.043311140038406803,0.03703771076380154,0.049711251739280746,True,False
dunnhumby,1,triple2vec,cbp,-0.012126613568336391,-0.01563435071314038,-0.008825264864612827,False,True
dunnhumby,1,triple2vec,diffrec,0.006437851517143149,0.001998096177232893,0.010915960361198674,True,False
dunnhumby,1,dnntsp,cbp,-0.05543775360674319,-0.06145777889284342,-0.04955423237384056,False,True
dunnhumby,1,dnntsp,diffrec,-0.03687328852126364,-0.042691590272175575,-0.03137521487046892,False,True
dunnhumby,1,cbp,diffrec,0.018564465085479542,0.014894202623571695,0.022927635233325108,True,False
dunnhumby,2,recency,frequency,-0.09809084044139371,-0.1047340056639541,-0.09137959969967495,False,True
dunnhumby,2,recency,tifuknn,-0.09176291415013871,-0.09746901256849734,-0.0859393442788686,False,True
dunnhumby,2,recency,fpmc,0.03811752054492272,0.03178416717193574,0.04383029070014717,True,False
dunnhumby,2,recency,triple2vec,-0.08699237209750073,-0.09377231633609336,-0.08038616566038495,False,True
dunnhumby,2,recency,dnntsp,-0.053984454189368494,-0.06069744783422167,-0.04696797747744922,False,True
dunnhumby,2,recency,cbp,-0.09881028277663417,-0.10512111451112849,-0.09277083029019738,False,True
dunnhumby,2,recency,diffrec,-0.08051635831259611,-0.0868090830231397,-0.07437870931933506,False,True
dunnhumby,2,frequency,tifuknn,0.006327926291254998,0.0032767445895302634,0.009685928371357466,True,False
dunnhumby,2,frequency,fpmc,0.13620836098631642,0.12895585210416033,0.14333323963232525,True,False
dunnhumby,2,frequency,triple2vec,0.011098468343892989,0.007809911204740624,0.014330203836357542,True,False
dunnhumby,2,frequency,dnntsp,0.044106386252025204,0.038754674293155156,0.049552547042898125,True,False
dunnhumby,2,frequency,cbp,-0.0007194423352404723,-0.0020925636085708664,0.0006820897296396739,False,False
dunnhumby,2,frequency,diffrec,0.017574482128797603,0.014296343807802534,0.021480212710847043,True,False
dunnhumby,2,tifuknn,fpmc,0.12988043469506144,0.1229295462257278,0.13695060263385703,True,False
dunnhumby,2,tifuknn,triple2vec,0.004770542052637991,0.0007678546568405992,0.008556130767987124,True,False
dunnhumby,2,tifuknn,dnntsp,0.03777845996077021,0.03216478830340466,0.04252287546077627,True,False
dunnhumby,2,tifuknn,cbp,-0.007047368626495468,-0.010480527159245396,-0.0034154819319967672,False,True
dunnhumby,2,tifuknn,diffrec,0.01124655583754261,0.007232459395571065,0.015617585449375939,True,False
dunnhumby,2,fpmc,triple2vec,-0.12510989264242342,-0.1321955207634873,-0.1176886334480539,False,True
dunnhumby,2,fpmc,dnntsp,-0.09210197473429123,-0.0991380088744797,-0.08519654855794338,False,True
dunnhumby,2,fpmc,cbp,-0.1369278033215569,-0.14435314602461632,-0.12933588086900757,False,True
dunnhumby,2,fpmc,diffrec,-0.1186338788575188,-0.12511189477205803,-0.11179968470716233,False,True
dunnhumby,2,triple2vec,dnntsp,0.03300791790813223,0.02713053445519329,0.03865933225333958,True,False
dunnhumby,2,triple2vec,cbp,-0.01181791067913346,-0.015160355250555277,-0.008653887472595398,False,True
dunnhumby,2,triple2vec,diffrec,0.006476013784904618,0.0020056157947994876,0.011067103847980065,True,False
dunnhumby,2,dnntsp,cbp,-0.04482582858726568,-0.050203709653861006,-0.03906199856021612,False,True
dunnhumby,2,dnntsp,diffrec,-0.026531904123227604,-0.032134114030673795,-0.02084454921431879,False,True
dunnhumby,2,cbp,diffrec,0.01829392446403808,0.014687515902286208,0.021827281987172882,True,False
instacart,0,recency,frequency,-0.15325381580231034,-0.1611428656313077,-0.14509778158292902,False,True
instacart,0,recency,tifuknn,-0.14166418683354629,-0.14981838373125847,-0.13372187101863836,False,True
instacart,0,recency,fpmc,0.16501460793841638,0.15672090469409455,0.1740754288167757,True,False
instacart,0,recency,triple2vec,-0.09679814696621256,-0.10511016488660255,-0.08854046721825082,False,True
instacart,0,recency,dnntsp,-0.09105527020547093,-0.09950947514134907,-0.08292946766652017,False,True
instacart,0,recency,cbp,-0.14952978106881956,-0.15766211403730304,-0.14212407108458017,False,True
instacart,0,recency,diffrec,-0.05763358069976651,-0.06634275375728685,-0.049888770165878726,False,True
instacart,0,frequency,tifuknn,0.01158962896876408,0.008322352379191237,0.014824727662985442,True,False
instacart,0,frequency,fpmc,0.3182684237407268,0.30914204342224116,0.32798989225069153,True,False
instacart,0,frequency,triple2vec,0.0564556688360978,0.05142747207038809,0.06147586533258667,True,False
instacart,0,frequency,dnntsp,0.062198545596839426,0.0566253385815896,0.06788959079705868,True,False
instacart,0,frequency,cbp,0.0037240347334907805,0.0016466319010787803,0.005901458046973114,True,False
instacart,0,frequency,diffrec,0.09562023510254385,0.08899604028717663,0.1019279543706629,True,False
instacart,0,tifuknn,fpmc,0.3066787947719627,0.29726412547924747,0.31604974072789194,True,False
instacart,0,tifuknn,triple2vec,0.04486603986733373,0.039623541511596035,0.050095998325131015,True,False
instacart,0,tifuknn,dnntsp,0.05060891662807535,0.04445225340090226,0.056591576365781944,True,False
instacart,0,tifuknn,cbp,-0.0078655942352733,-0.011462761607986583,-0.004559373735827936,False,True
instacart,0,tifuknn,diffrec,0.08403060613377976,0.07721307107365509,0.09092538862026905,True,False
instacart,0,fpmc,triple2vec,-0.26181275490462896,-0.2714487371442854,-0.2517769662121648,False,True
instacart,0,fpmc,dnntsp,-0.2560698781438873,-0.26521412785782644,-0.24682223699842262,False,True
instacart,0,fpmc,cbp,-0.31454438900723597,-0.32397886473354875,-0.3050959058853441,False,True
instacart,0,fpmc,diffrec,-0.2226481886381829,-0.23095134751035445,-0.21386657579895668,False,True
instacart,0,triple2vec,dnntsp,0.005742876760741625,-0.0013416895927119753,0.012828687020761379,False,False
instacart,0,triple2vec,cbp,-0.05273163410260702,-0.058294330218767704,-0.04740814808722703,False,True
instacart,0,triple2vec,diffrec,0.03916456626644604,0.030958154008945412,0.04754535752027232,True,False
instacart,0,dnntsp,cbp,-0.05847451086334865,-0.06383991185202285,-0.05272356642701849,False,True
instacart,0,dnntsp,diffrec,0.03342168950570441,0.02618632156410952,0.040584165130141917,True,False
instacart,0,cbp,diffrec,0.09189620036905306,0.08522979962565683,0.09857154756570805,True,False
instacart,1,recency,frequency,-0.15237474135079648,-0.16078952709098537,-0.1448103341443057,False,True
instacart,1,recency,tifuknn,-0.1422569023168928,-0.14932809310670803,-0.13455624061312943,False,True
instacart,1,recency,fpmc,0.15883710726337077,0.1497707519331739,0.16741270786795198,True,False
instacart,1,recency,triple2vec,-0.1331056221095307,-0.1413564463032166,-0.12443392791339022,False,True
instacart,1,recency,dnntsp,-0.08474543307578535,-0.09326602383176334,-0.07604630528958478,False,True
instacart,1,recency,cbp,-0.15032176630694152,-0.15829088700605556,-0.14250146603539623,False,True
instacart,1,recency,diffrec,-0.057228257314318305,-0.06600531004768295,-0.049082255939181814,False,True
instacart,1,frequency,tifuknn,0.010117839033903684,0.006688127516419685,0.013396866974156738,True,False
instacart,1,frequency,fpmc,0.3112118486141673,0.301908071184646,0.32099377666083767,True,False
instacart,1,frequency,triple2vec,0.019269119241265804,0.015575659639038102,0.022946387344161864,True,False
instacart,1,frequency,dnntsp,0.06762930827501115,0.061639080372789715,0.07361359765811767,True,False
instacart,1,frequency,cbp,0.0020529750438549807,-6.9897845831767555e-06,0.004293718829196917,False,False
instacart,1,frequency,diffrec,0.09514648403647818,0.08896322933367122,0.10193456736224656,True,False
instacart,1,tifuknn,fpmc,0.30109400958026356,0.2909139661283021,0.3102692388490387,True,False
instacart,1,tifuknn,triple2vec,0.009151280207362123,0.005048462157689631,0.012889186666137144,True,False
instacart,1,tifuknn,dnntsp,0.05751146924110747,0.05125603808450877,0.06389176108395869,True,False
instacart,1,tifuknn,cbp,-0.008064863990048703,-0.011857407326454315,-0.004477074378872805,False,True
instacart,1,tifuknn,diffrec,0.08502864500257451,0.07766050210500504,0.09218623627085791,True,False
instacart,1,fpmc,triple2vec,-0.2919427293729014,-0.3019743034488039,-0.2826944276767008,False,True
instacart,1,fpmc,dnntsp,-0.2435825403391561,-0.25300171383910824,-0.23487343323902762,False,True
instacart,1,fpmc,cbp,-0.3091588735703123,-0.3178865479013352,-0.299723859489341,False,True
instacart,1,fpmc,diffrec,-0.21606536457768905,-0.22402623287675075,-0.20824413940421196,False,True
instacart,1,triple2vec,dnntsp,0.048360189033745345,0.042586474696537924,0.05476386911927754,True,False
instacart,1,triple2vec,cbp,-0.017216144197410823,-0.02116964572264435,-0.01368837984943082,False,True
instacart,1,triple2vec,diffrec,0.07587736479521238,0.06828934493418624,0.08291647598934673,True,False
instacart,1,dnntsp,cbp,-0.06557633323115618,-0.07156072252409143,-0.0593187825766051,False,True
instacart,1,dnntsp,diffrec,0.02751717576146704,0.020602023363382075,0.03479826997038304,True,False
instacart,1,cbp,diffrec,0.09309350899262321,0.08635646634106271,0.10019210926980626,True,False
instacart,2,recency,frequency,-0.155827261016086,-0.163888342773419,-0.14800619581746383,False,True
instacart,2,recency,tifuknn,-0.14195079492281795,-0.14900221498161928,-0.13412263321273893,False,True
instacart,2,recency,fpmc,0.15307895013247272,0.14456044460859352,0.16243509098865802,True,False
instacart,2,recency,triple2vec,-0.07797104477004857,-0.0869070372781739,-0.06912785263093539,False,True
instacart,2,recency,dnntsp,-0.08876546527147558,-0.0976160430890377,-0.07996560874690826,False,True
instacart,2,recency,cbp,-0.15203057667314832,-0.15985128113940092,-0.14403256574189124,False,True
instacart,2,recency,diffrec,-0.06257169524583224,-0.070624104037913,-0.054733806101958875,False,True
instacart,2,frequency,tifuknn,0.013876466093268038,0.010527042082554023,0.0174038702858257,True,False
instacart,2,frequency,fpmc,0.30890621114855865,0.30052330991816073,0.3179014084098176,True,False
instacart,2,frequency,triple2vec,0.07785621624603745,0.07172480806609847,0.08375178235610424,True,False
instacart,2,frequency,dnntsp,0.06706179574461042,0.06142460917510128,0.07325195155670434,True,False
instacart,2,frequency,cbp,0.003796684342937697,0.0011994247721864634,0.006073886311554328,True,False
instacart,2,frequency,diffrec,0.09325556577025378,0.08656478962470018,0.09991285055760155,True,False
instacart,2,tifuknn,fpmc,0.29502974505529067,0.2854233915029913,0.30410915473058453,True,False
instacart,2,tifuknn,triple2vec,0.0639797501527694,0.058434500626326644,0.07007048555528543,True,False
instacart,2,tifuknn,dnntsp,0.05318532965134239,0.04693407705399762,0.059746405515873555,True,False
instacart,2,tifuknn,cbp,-0.01007978175033034,-0.013875733643657677,-0.006652068484185504,False,True
instacart,2,tifuknn,diffrec,0.07937909967698574,0.07197298160201926,0.086819372753331,True,False
instacart,2,fpmc,triple2vec,-0.2310499949025213,-0.2413059809899355,-0.22078259143931905,False,True
instacart,2,fpmc,dnntsp,-0.24184441540394827,-0.25050080580584677,-0.23318213640392801,False,True
instacart,2,fpmc,cbp,-0.30510952680562103,-0.3144758099401765,-0.29614615712420506,False,True
instacart,2,fpmc,diffrec,-0.21565064537830494,-0.22435161099594522,-0.20763840249485466,False,True
instacart,2,triple2vec,dnntsp,-0.01079442050142701,-0.01861051205878592,-0.002229892710904237,False,True
instacart,2,triple2vec,cbp,-0.07405953190309975,-0.07956205614431365,-0.06829537827224003,False,True
instacart,2,triple2vec,diffrec,0.015399349524216335,0.006372246472728288,0.02434810502049864,True,False
instacart,2,dnntsp,cbp,-0.06326511140167274,-0.06969060848477338,-0.05774492212883135,False,True
instacart,2,dnntsp,diffrec,0.026193770025643347,0.019255623559335754,0.03346012580833367,True,False
instacart,2,cbp,diffrec,0.08945888142731608,0.08228102112065219,0.09676105393524112,True,False
retailrocket,0,recency,frequency,0.01214571630944689,0.002017763122832261,0.024809858728019902,True,False
retailrocket,0,recency,tifuknn,0.011708947796213724,0.002874015085331597,0.02437470048782261,True,False
retailrocket,0,recency,fpmc,0.13449115436642747,0.09247758376644763,0.17800694741668247,True,False
retailrocket,0,recency,triple2vec,0.016819231920153988,0.0034400313629475918,0.031746282745312035,True,False
retailrocket,0,recency,dnntsp,0.45638751812780337,0.38681189086694673,0.5266944070039539,True,False
retailrocket,0,recency,cbp,0.016287581421131788,0.0032348652489532464,0.0315481418745629,True,False
retailrocket,0,recency,diffrec,0.02624230541949439,0.009086325890347479,0.04475974098729864,True,False
retailrocket,0,frequency,tifuknn,-0.00043676851323316753,-0.017358116119983887,0.014459647890848427,False,False
retailrocket,0,frequency,fpmc,0.12234543805698057,0.08428652079343649,0.16049838932376215,True,False
retailrocket,0,frequency,triple2vec,0.004673515610707098,-0.010805708008061105,0.02086929652619835,False,False
retailrocket,0,frequency,dnntsp,0.44424180181835654,0.3718623676817906,0.5174876390494568,True,False
retailrocket,0,frequency,cbp,0.004141865111684897,-0.013158932018802161,0.020067499120105244,False,False
retailrocket,0,frequency,diffrec,0.014096589110047505,0.0006542341404190158,0.029614076193870045,True,False
retailrocket,0,tifuknn,fpmc,0.12278220657021371,0.08632360263229213,0.1648910844429982,True,False
retailrocket,0,tifuknn,triple2vec,0.005110284123940266,-0.004574369134972824,0.016112641704994168,False,False
retailrocket,0,tifuknn,dnntsp,0.44467857033158975,0.3752986478692701,0.5161316587455551,True,False
retailrocket,0,tifuknn,cbp,0.004578633624918065,-0.004743511364269949,0.012949533886228999,False,False
retailrocket,0,tifuknn,diffrec,0.014533357623280674,0.0006965103960176912,0.03124860394008201,True,False
retailrocket,0,fpmc,triple2vec,-0.11767192244627346,-0.1619655286608415,-0.07837362763559114,False,True
retailrocket,0,fpmc,dnntsp,0.3218963637613759,0.24351259712826293,0.40114650458005213,True,False
retailrocket,0,fpmc,cbp,-0.11820357294529565,-0.16378292042131545,-0.07862648498685552,False,True
retailrocket,0,fpmc,diffrec,-0.10824884894693305,-0.14881389836115338,-0.06799876573398476,False,True
retailrocket,0,triple2vec,dnntsp,0.4395682862076494,0.36811393192598296,0.5057400969397007,True,False
retailrocket,0,triple2vec,cbp,-0.0005316504990221999,-0.013009854559430142,0.010490064508007772,False,False
retailrocket,0,triple2vec,diffrec,0.009423073499340406,-0.0033327795068615546,0.022494952505664266,False,False
retailrocket,0,dnntsp,cbp,-0.44009993670667164,-0.51063036807831,-0.36440343451607654,False,True
retailrocket,0,dnntsp,diffrec,-0.43014521270830897,-0.5046183193735932,-0.35626132604796634,False,True
retailrocket,0,cbp,diffrec,0.009954723998362608,-0.007225150636243409,0.02755921675926009,False,False
retailrocket,1,recency,frequency,-0.0037887070587838976,-0.017318639775877363,0.007538757333853016,False,False
retailrocket,1,recency,tifuknn,0.002047422821868948,-0.007423096388785242,0.010702209821337334,False,False
retailrocket,1,recency,fpmc,0.05383328769191271,0.02881843883772672,0.08342474209167988,True,False
retailrocket,1,recency,triple2vec,-0.0013390450496277857,-0.017530214491169743,0.012399742620043315,False,False
retailrocket,1,recency,dnntsp,0.49914263791259716,0.42390640966864274,0.5724403705572201,True,False
retailrocket,1,recency,cbp,0.002506435125800633,-0.013251611339494169,0.016894891712004752,False,False
retailrocket,1,recency,diffrec,0.013063655649662758,-0.009043490404268748,0.038558860092169314,False,False
retailrocket,1,frequency,tifuknn,0.005836129880652845,-0.01101564819254426,0.021492561080352128,False,False
retailrocket,1,frequency,fpmc,0.0576219947506966,0.031000022510989895,0.08989335353832563,True,False
retailrocket,1,frequency,triple2vec,0.002449662009156112,-0.008684005798318649,0.012479937915365764,False,False
retailrocket,1,frequency,dnntsp,0.5029313449713811,0.43628267685209277,0.5760419480121498,True,False
retailrocket,1,frequency,cbp,0.006295142184584531,-0.001598093711280211,0.014781370954911579,False,False
retailrocket,1,frequency,diffrec,0.016852362708446655,-0.0008700898660573765,0.03895569478349821,False,False
retailrocket,1,tifuknn,fpmc,0.05178586487004376,0.027015495608085246,0.0789975855919632,True,False
retailrocket,1,tifuknn,triple2vec,-0.003386467871496734,-0.018788249247427915,0.012034382778442251,False,False
retailrocket,1,tifuknn,dnntsp,0.49709521509072824,0.4251926473805424,0.5722717247419539,True,False
retailrocket,1,tifuknn,cbp,0.00045901230393168485,-0.01530294682263025,0.016328741785560767,False,False
retailrocket,1,tifuknn,diffrec,0.011016232827793807,-0.011259451717274325,0.037499307613341734,False,False
retailrocket,1,fpmc,triple2vec,-0.05517233274154049,-0.08546500579814745,-0.03013084819565052,False,True
retailrocket,1,fpmc,dnntsp,0.44530935022068446,0.3698245957693519,0.5181342605612984,True,False
retailrocket,1,fpmc,cbp,-0.05132685256611207,-0.08319154394916844,-0.025804090594804582,False,True
retailrocket,1,fpmc,diffrec,-0.04076963204224995,-0.07687072386823124,-0.005871896459843386,False,True
retailrocket,1,triple2vec,dnntsp,0.500481682962225,0.4254688833401247,0.5742252539200835,True,False
retailrocket,1,triple2vec,cbp,0.003845480175428419,-0.006541249819519129,0.015420161207731216,False,False
retailrocket,1,triple2vec,diffrec,0.014402700699290543,-0.004109115403686974,0.03580378058162353,False,False
retailrocket,1,dnntsp,cbp,-0.49663620278679654,-0.5698848655377111,-0.42533052070522503,False,True
retailrocket,1,dnntsp,diffrec,-0.4860789822629344,-0.5612569202522979,-0.4115372689540749,False,True
retailrocket,1,cbp,diffrec,0.010557220523862123,-0.005561294023951879,0.030010268526231995,False,False
retailrocket,2,recency,frequency,-0.0001111799578899319,-0.005745608826677661,0.004781417545445348,False,False
retailrocket,2,recency,tifuknn,0.008850158179466747,0.00013525369946587744,0.020719007985748186,True,False
retailrocket,2,recency,fpmc,0.0598357398228401,0.03568633394042795,0.08330699215841211,True,False
retailrocket,2,recency,triple2vec,0.00934715735584894,-0.0019577399922880976,0.022537194941164358,False,False
retailrocket,2,recency,dnntsp,0.43047997242680114,0.3604534510763782,0.5038192366689075,True,False
retailrocket,2,recency,cbp,0.007827333347510915,-0.006358770345029996,0.021672072071672294,False,False
retailrocket,2,recency,diffrec,0.01787956084539439,0.0026952920052727113,0.03592719403290554,True,False
retailrocket,2,frequency,tifuknn,0.008961338137356679,-0.0015760850111933016,0.022069204499965717,False,False
retailrocket,2,frequency,fpmc,0.059946919780730024,0.03428320068618715,0.08558590568455318,True,False
retailrocket,2,frequency,triple2vec,0.009458337313738872,-0.002559837956643272,0.02346327638633539,False,False
retailrocket,2,frequency,dnntsp,0.4305911523846911,0.35085973486515915,0.5079204712804744,True,False
retailrocket,2,frequency,cbp,0.007938513305400845,-0.004278386903460715,0.022176856986308183,False,False
retailrocket,2,frequency,diffrec,0.017990740803284323,0.0032255189122382837,0.03548789233573682,True,False
retailrocket,2,tifuknn,fpmc,0.05098558164337336,0.030299559266180883,0.07182732950458653,True,False
retailrocket,2,tifuknn,triple2vec,0.000496999176382195,-0.007536961544644615,0.009184038268404953,False,False
retailrocket,2,tifuknn,dnntsp,0.4216298142473345,0.3447086953997487,0.48880168433026555,True,False
retailrocket,2,tifuknn,cbp,-0.0010228248319558322,-0.009358258064013688,0.006948115122775853,False,False
retailrocket,2,tifuknn,diffrec,0.009029402665927642,-0.003631040400774489,0.024395573516794035,False,False
retailrocket,2,fpmc,triple2vec,-0.05048858246699116,-0.07538039207835773,-0.028259382918371125,False,True
retailrocket,2,fpmc,dnntsp,0.3706442326039611,0.29849798114548054,0.4491373729667774,True,False
retailrocket,2,fpmc,cbp,-0.05200840647532918,-0.07731170337707166,-0.029618673021644448,False,True
retailrocket,2,fpmc,diffrec,-0.041956178977445704,-0.07082132203340864,-0.01586599067234784,False,True
retailrocket,2,triple2vec,dnntsp,0.4211328150709523,0.35247890632085926,0.4939437365649599,True,False
retailrocket,2,triple2vec,cbp,-0.0015198240083380272,-0.011902600604166851,0.006985711370482217,False,False
retailrocket,2,triple2vec,diffrec,0.008532403489545448,-0.005517918727922897,0.025398237383945057,False,False
retailrocket,2,dnntsp,cbp,-0.42265263907929024,-0.4890109677175393,-0.3518862044538754,False,True
retailrocket,2,dnntsp,diffrec,-0.41260041158140687,-0.48654649981640663,-0.3402813750392927,False,True
retailrocket,2,cbp,diffrec,0.010052227497883474,-0.0007933310364084257,0.026784040013689704,False,False
sam,0,recency,frequency,-0.0674639279951219,-0.07358176424777302,-0.06141119192912411,False,True
sam,0,recency,tifuknn,-0.05604496347362919,-0.06151648120926976,-0.05050909150491447,False,True
sam,0,recency,fpmc,0.200633014744547,0.19066794983202678,0.20997778224687025,True,False
sam,0,recency,triple2vec,-0.05386200532908366,-0.060808141529263865,-0.046871668294015234,False,True
sam,0,recency,dnntsp,0.062120356684096927,0.05322408792365674,0.07184511232284807,True,False
sam,0,recency,cbp,-0.057655076010514415,-0.0642887193099632,-0.05102166427851808,False,True
sam,0,recency,diffrec,0.1243533873990751,0.11425274738100769,0.13532362901744882,True,False
sam,0,frequency,tifuknn,0.011418964521492705,0.007173209738436198,0.015151243704295457,True,False
sam,0,frequency,fpmc,0.2680969427396689,0.2575201138860164,0.2779008725956355,True,False
sam,0,frequency,triple2vec,0.013601922666038227,0.00984232566703141,0.017401704467107513,True,False
sam,0,frequency,dnntsp,0.12958428467921881,0.11989817684756611,0.13860387149161812,True,False
sam,0,frequency,cbp,0.009808851984607478,0.006389030791516223,0.013382307198197592,True,False
sam,0,frequency,diffrec,0.191817315394197,0.18189674749061194,0.20300366398286931,True,False
sam,0,tifuknn,fpmc,0.25667797821817623,0.24748393081686595,0.2672173971335221,True,False
sam,0,tifuknn,triple2vec,0.002182958144545522,-0.0015942051066866526,0.0060174113416821525,False,False
sam,0,tifuknn,dnntsp,0.11816532015772611,0.10915694557645957,0.12674522751511114,True,False
sam,0,tifuknn,cbp,-0.0016101125368852287,-0.005591236888010933,0.0022616264181079407,False,False
sam,0,tifuknn,diffrec,0.1803983508727043,0.16993851631551748,0.1910154699606124,True,False
sam,0,fpmc,triple2vec,-0.2544950200736307,-0.2650310272273341,-0.24392952574854948,False,True
sam,0,fpmc,dnntsp,-0.1385126580604501,-0.14860076581127715,-0.128267236230976,False,True
sam,0,fpmc,cbp,-0.2582880907550615,-0.2684740515661477,-0.24806907199478231,False,True
sam,0,fpmc,diffrec,-0.07627962734547192,-0.0859578791558866,-0.06512791461637961,False,True
sam,0,triple2vec,dnntsp,0.11598236201318059,0.1070024420456156,0.12461947454971152,True,False
sam,0,triple2vec,cbp,-0.00379307068143075,-0.007213728776969093,-0.00028120698648563357,False,True
sam,0,triple2vec,diffrec,0.17821539272815878,0.16682136208016463,0.18937153376938465,True,False
sam,0,dnntsp,cbp,-0.11977543269461133,-0.12883789171313015,-0.1103374831496864,False,True
sam,0,dnntsp,diffrec,0.06223303071497818,0.05145068233569921,0.07295350809990077,True,False
sam,0,cbp,diffrec,0.18200846340958954,0.17181625937394254,0.19254708737470771,True,False
sam,1,recency,frequency,-0.0667364081398694,-0.07341771687154575,-0.060189037201548994,False,True
sam,1,recency,tifuknn,-0.05703509549933547,-0.06263301020065745,-0.051000121308583446,False,True
sam,1,recency,fpmc,0.18682690815783176,0.17748176787005446,0.19606771246050347,True,False
sam,1,recency,triple2vec,-0.05469538950094623,-0.06183845897513871,-0.0472906597135317,False,True
sam,1,recency,dnntsp,0.039302820477004334,0.030698260332911564,0.048673176866112534,True,False
sam,1,recency,cbp,-0.05754213692750739,-0.06488545320121038,-0.050401526509848166,False,True
sam,1,recency,diffrec,0.11524513536398087,0.10481820831321076,0.12590734515462623,True,False
sam,1,frequency,tifuknn,0.00970131264053393,0.006016327498060857,0.013536577552843862,True,False
sam,1,frequency,fpmc,0.2535633162977012,0.24366384009198483,0.26414339833526146,True,False
sam,1,frequency,triple2vec,0.012041018638923165,0.008412804740242372,0.015902016575278174,True,False
sam,1,frequency,dnntsp,0.10603922861687373,0.09843381356010335,0.11385582338328817,True,False
sam,1,frequency,cbp,0.00919427121236201,0.005921387244844891,0.012548892432000143,True,False
sam,1,frequency,diffrec,0.1819815435038503,0.1725487654762991,0.19251351835062777,True,False
sam,1,tifuknn,fpmc,0.24386200365716723,0.23364467834029895,0.2541043969695916,True,False
sam,1,tifuknn,triple2vec,0.0023397059983892355,-0.0016209501744194924,0.006298092295294702,False,False
sam,1,tifuknn,dnntsp,0.09633791597633981,0.08814485970300918,0.10457474470203129,True,False
sam,1,tifuknn,cbp,-0.0005070414281719208,-0.004257918559868996,0.003183940308163035,False,False
sam,1,tifuknn,diffrec,0.17228023086331637,0.1623805670218245,0.18247151199596362,True,False
sam,1,fpmc,triple2vec,-0.241522297658778,-0.2523590530513218,-0.23117881908173346,False,True
sam,1,fpmc,dnntsp,-0.14752408768082745,-0.15742862052161433,-0.1377375572344439,False,True
sam,1,fpmc,cbp,-0.24436904508533916,-0.2546468075269597,-0.23424945376406422,False,True
sam,1,fpmc,diffrec,-0.07158177279385089,-0.08183314227093738,-0.06285226551013269,False,True
sam,1,triple2vec,dnntsp,0.09399820997795057,0.0858265796026905,0.10211188898091508,True,False
sam,1,triple2vec,cbp,-0.002846747426561156,-0.006267947949003719,0.0007542593103017914,False,False
sam,1,triple2vec,diffrec,0.1699405248649271,0.15954834620317185,0.1798132497598279,True,False
sam,1,dnntsp,cbp,-0.09684495740451173,-0.10477899589555094,-0.08961659931737688,False,True
sam,1,dnntsp,diffrec,0.07594231488697654,0.06453831200492414,0.08714666331772884,True,False
sam,1,cbp,diffrec,0.1727872722914883,0.16294061275622168,0.18353278658411112,True,False
sam,2,recency,frequency,-0.060607034382629786,-0.06718631176143416,-0.05406286047190655,False,True
sam,2,recency,tifuknn,-0.05175037851049092,-0.056992933229243856,-0.04584373779119112,False,True
sam,2,recency,fpmc,0.19504239967139458,0.18506727550637392,0.20477396043666046,True,False
sam,2,recency,triple2vec,-0.04830117864146784,-0.055294608478754545,-0.04123785074735246,False,True
sam,2,recency,dnntsp,0.054073490658659455,0.044634684084700796,0.06338111024230876,True,False
sam,2,recency,cbp,-0.0533330667557366,-0.06050052968816331,-0.04661495205303729,False,True
sam,2,recency,diffrec,0.12496858656050863,0.1140215059252821,0.13654234059080828,True,False
sam,2,frequency,tifuknn,0.008856655872138863,0.004858825598386161,0.012735668669270683,True,False
sam,2,frequency,fpmc,0.25564943405402435,0.24579421732027168,0.2646852038078427,True,False
sam,2,frequency,triple2vec,0.012305855741161952,0.008631106627363805,0.016443432499483962,True,False
sam,2,frequency,dnntsp,0.11468052504128924,0.10575788905579982,0.12273276771375695,True,False
sam,2,frequency,cbp,0.007273967626893184,0.0038284277430354167,0.010808606133853198,True,False
sam,2,frequency,diffrec,0.1855756209431384,0.1758222925116076,0.1958834123211273,True,False
sam,2,tifuknn,fpmc,0.2467927781818855,0.23641075727746058,0.2567197106118517,True,False
sam,2,tifuknn,triple2vec,0.0034491998690230874,-0.0007633127800389475,0.007123004918489374,False,False
sam,2,tifuknn,dnntsp,0.10582386916915038,0.0968731677261385,0.11514286018906296,True,False
sam,2,tifuknn,cbp,-0.00158268824524568,-0.005508769351987287,0.002566218301241538,False,False
sam,2,tifuknn,diffrec,0.17671896507099955,0.16625216058904096,0.18810189756247175,True,False
sam,2,fpmc,triple2vec,-0.2433435783128624,-0.2534672497538358,-0.2333819248262739,False,True
sam,2,fpmc,dnntsp,-0.1409689090127351,-0.15108615297985342,-0.13162585770543964,False,True
sam,2,fpmc,cbp,-0.24837546642713118,-0.25839625454036835,-0.23839861040563048,False,True
sam,2,fpmc,diffrec,-0.07007381311088592,-0.07972656003752857,-0.060647857247295385,False,True
sam,2,triple2vec,dnntsp,0.1023746693001273,0.09417316811509141,0.11184690993410934,True,False
sam,2,triple2vec,cbp,-0.005031888114268768,-0.008646366935013465,-0.001452032962814836,False,True
sam,2,triple2vec,diffrec,0.17326976520197648,0.16195431898760082,0.1848472069004674,True,False
sam,2,dnntsp,cbp,-0.10740655741439606,-0.11535616769443588,-0.09949433798242395,False,True
sam,2,dnntsp,diffrec,0.07089509590184918,0.06026800218106693,0.08139882150709689,True,False
sam,2,cbp,diffrec,0.17830165331624523,0.1674138934870773,0.1884963311263916,True,False
tafeng,0,recency,frequency,-0.026277405585809006,-0.031094539650289046,-0.021554241495427687,False,True
tafeng,0,recency,tifuknn,-0.020876691402987303,-0.02444257747792342,-0.017338112671045104,False,True
tafeng,0,recency,fpmc,-0.0031771297761433314,-0.010806405131850152,0.0046982047896610675,False,False
tafeng,0,recency,triple2vec,-0.022114303860631714,-0.026625078491548118,-0.01753669350123993,False,True
tafeng,0,recency,dnntsp,-0.03231684597941869,-0.039851738932769824,-0.025748936789994226,False,True
tafeng,0,recency,cbp,-0.038425729587139336,-0.04464114195106491,-0.031567300675943585,False,True
tafeng,0,recency,diffrec,-0.0210767416936472,-0.025998091667229918,-0.015648964159838612,False,True
tafeng,0,frequency,tifuknn,0.005400714182821704,0.0018090214217846784,0.009284572084179519,True,False
tafeng,0,frequency,fpmc,0.023100275809665675,0.01596753253855858,0.030693321038310163,True,False
tafeng,0,frequency,triple2vec,0.004163101725177287,0.001342391691661984,0.006849308662275788,True,False
tafeng,0,frequency,dnntsp,-0.006039440393609688,-0.013177550678318264,0.0006798865080615407,False,False
tafeng,0,frequency,cbp,-0.012148324001330332,-0.01796266385945817,-0.0067941962898352545,False,True
tafeng,0,frequency,diffrec,0.005200663892161803,0.0016291217052723209,0.00895333840365177,True,False
tafeng,0,tifuknn,fpmc,0.01769956162684397,0.009672185240595977,0.025315659425887906,True,False
tafeng,0,tifuknn,triple2vec,-0.0012376124576444164,-0.005388885126176536,0.0028270418901367605,False,False
tafeng,0,tifuknn,dnntsp,-0.01144015457643139,-0.01839839716765837,-0.00468115729251795,False,True
tafeng,0,tifuknn,cbp,-0.017549038184152037,-0.02352710407831714,-0.011901007362484612,False,True
tafeng,0,tifuknn,diffrec,-0.00020005029065990043,-0.004743312052030067,0.0049198453771263475,False,False
tafeng,0,fpmc,triple2vec,-0.01893717408448839,-0.025993898732503122,-0.011637439091313036,False,True
tafeng,0,fpmc,dnntsp,-0.029139716203275365,-0.033195448884278576,-0.025038299883308086,False,True
tafeng,0,fpmc,cbp,-0.03524859981099601,-0.040064201329985276,-0.030197818185626717,False,True
tafeng,0,fpmc,diffrec,-0.01789961191750387,-0.024712916887434946,-0.011373181199785183,False,True
tafeng,0,triple2vec,dnntsp,-0.010202542118786974,-0.01673842996849664,-0.004002733094378832,False,True
tafeng,0,triple2vec,cbp,-0.01631142572650762,-0.021599727291665503,-0.011341296788628394,False,True
tafeng,0,triple2vec,diffrec,0.0010375621669845162,-0.00302354399558827,0.005086262921510416,False,False
tafeng,0,dnntsp,cbp,-0.006108883607720643,-0.010007909222871984,-0.001970359685976985,False,True
tafeng,0,dnntsp,diffrec,0.011240104285771492,0.00531097010306399,0.016847771294143492,True,False
tafeng,0,cbp,diffrec,0.017348987893492134,0.012645915099651161,0.02276093678889655,True,False
tafeng,1,recency,frequency,-0.027705968191451248,-0.03223294366960949,-0.023277841565777592,False,True
tafeng,1,recency,tifuknn,-0.02362556893104987,-0.027442002576226476,-0.01993169560459868,False,True
tafeng,1,recency,fpmc,-0.00042201300193927193,-0.008699647968988231,0.00724026962047828,False,False
tafeng,1,recency,triple2vec,-0.020011402755995406,-0.024627386575140055,-0.015270510003040449,False,True
tafeng,1,recency,dnntsp,-0.029286181135900043,-0.0363421748161598,-0.02256691482250707,False,True
tafeng,1,recency,cbp,-0.037884714781325185,-0.043869486884158,-0.03179137001768007,False,True
tafeng,1,recency,diffrec,-0.02223218801028493,-0.027402192894836027,-0.01661864176376421,False,True
tafeng,1,frequency,tifuknn,0.0040803992604013795,0.0007403026225087076,0.0077856712384888165,True,False
tafeng,1,frequency,fpmc,0.027283955189511978,0.01910433416718602,0.035161570686098306,True,False
tafeng,1,frequency,triple2vec,0.007694565435455839,0.0047600877346148955,0.010496149827068759,True,False
tafeng,1,frequency,dnntsp,-0.0015802129444487947,-0.00806532680503047,0.0050873750925715805,False,False
tafeng,1,frequency,cbp,-0.010178746589873933,-0.015129690969643969,-0.005230531570714262,False,True
tafeng,1,frequency,diffrec,0.005473780181166321,0.0009166396578476569,0.009855952528802467,True,False
tafeng,1,tifuknn,fpmc,0.023203555929110598,0.015359441441227173,0.03088039592470502,True,False
tafeng,1,tifuknn,triple2vec,0.003614166175054459,6.423871044004774e-05,0.007772292867478768,True,False
tafeng,1,tifuknn,dnntsp,-0.005660612204850176,-0.012263061563026662,0.001543805420033507,False,False
tafeng,1,tifuknn,cbp,-0.014259145850275315,-0.020225426083125147,-0.00878394284998144,False,True
tafeng,1,tifuknn,diffrec,0.0013933809207649394,-0.003509319979425555,0.006524511660412334,False,False
tafeng,1,fpmc,triple2vec,-0.01958938975405614,-0.027406985907433734,-0.0120647439764742,False,True
tafeng,1,fpmc,dnntsp,-0.028864168133960772,-0.03353864104763479,-0.024333426947953526,False,True
tafeng,1,fpmc,cbp,-0.03746270177938591,-0.042408789863559136,-0.03278606542704499,False,True
tafeng,1,fpmc,diffrec,-0.02181017500834566,-0.027989456336242693,-0.015572603514993942,False,True
tafeng,1,triple2vec,dnntsp,-0.009274778379904633,-0.01579347515110379,-0.0030685536992453954,False,True
tafeng,1,triple2vec,cbp,-0.017873312025329775,-0.022453364231570797,-0.012422510941285464,False,True
tafeng,1,triple2vec,diffrec,-0.002220785254289518,-0.006567018964536781,0.0028885139632560328,False,False
tafeng,1,dnntsp,cbp,-0.008598533645425139,-0.013312005042758524,-0.003938895150409764,False,True
tafeng,1,dnntsp,diffrec,0.007053993125615114,0.0018769375873241066,0.012193959917937475,True,False
tafeng,1,cbp,diffrec,0.015652526771040252,0.010700083418170615,0.0210365433816108,True,False
tafeng,2,recency,frequency,-0.025178307397691658,-0.029743744071907895,-0.020583857473366024,False,True
tafeng,2,recency,tifuknn,-0.02027722181095719,-0.023723485594907657,-0.016123921151109943,False,True
tafeng,2,recency,fpmc,-0.001214918968456039,-0.008624161598552822,0.006891346717105554,False,False
tafeng,2,recency,triple2vec,-0.02010021576388272,-0.02507955118662259,-0.01474436514475663,False,True
tafeng,2,recency,dnntsp,-0.03285951886090112,-0.03936538008455325,-0.025928800804275627,False,True
tafeng,2,recency,cbp,-0.036524549686633725,-0.042991129490572655,-0.029735559586052642,False,True
tafeng,2,recency,diffrec,-0.019192804591738017,-0.0244619076186273,-0.013954012154198664,False,True
tafeng,2,frequency,tifuknn,0.004901085586734471,0.0008786265891824566,0.00892500337999395,True,False
tafeng,2,frequency,fpmc,0.02396338842923562,0.01729278376048869,0.03123740435096304,True,False
tafeng,2,frequency,triple2vec,0.005078091633808944,0.002081358796329443,0.00813943846250699,True,False
tafeng,2,frequency,dnntsp,-0.007681211463209452,-0.014020353589556084,-0.0014383634789771468,False,True
tafeng,2,frequency,cbp,-0.011346242288942062,-0.016267890752663043,-0.00636852669811842,False,True
tafeng,2,frequency,diffrec,0.0059855028059536425,0.0020176442791705203,0.009666621143174408,True,False
tafeng,2,tifuknn,fpmc,0.01906230284250115,0.011431706619037588,0.02660212897922361,True,False
tafeng,2,tifuknn,triple2vec,0.00017700604707447312,-0.003619801853106514,0.004609870652957011,False,False
tafeng,2,tifuknn,dnntsp,-0.012582297049943923,-0.019133401215902138,-0.005672421116400134,False,True
tafeng,2,tifuknn,cbp,-0.016247327875676537,-0.021958207002447015,-0.010968129011136148,False,True
tafeng,2,tifuknn,diffrec,0.0010844172192191722,-0.003682754771062363,0.006288447147070713,False,False
tafeng,2,fpmc,triple2vec,-0.018885296795426675,-0.02673462481868208,-0.011749325690746569,False,True
tafeng,2,fpmc,dnntsp,-0.03164459989244507,-0.03644878215355163,-0.026903414160751166,False,True
tafeng,2,fpmc,cbp,-0.03530963071817768,-0.040144720298764924,-0.03061044290288002,False,True
tafeng,2,fpmc,diffrec,-0.017977885623281977,-0.024915654044919487,-0.011731606285073625,False,True
tafeng,2,triple2vec,dnntsp,-0.012759303097018396,-0.01873539907396884,-0.006205138362620467,False,True
tafeng,2,triple2vec,cbp,-0.01642433392275101,-0.021555087638151935,-0.01137579202477945,False,True
tafeng,2,triple2vec,diffrec,0.0009074111721446991,-0.0036010161377082,0.005287151902873176,False,False
tafeng,2,dnntsp,cbp,-0.0036650308257326113,-0.008644367482687373,0.0011866849804051955,False,False
tafeng,2,dnntsp,diffrec,0.013666714269163096,0.008543759861565229,0.01921145801169789,True,False
tafeng,2,cbp,diffrec,0.01733174509489571,0.012255063489003485,0.02231868452160888,True,False
taobao,0,recency,frequency,-0.0007186339366580008,-0.0042404309651183575,0.0028378532636076544,False,False
taobao,0,recency,tifuknn,-0.012775095583614567,-0.015201298059317322,-0.010313636618674762,False,True
taobao,0,recency,fpmc,0.01267717351599927,0.006589341622810119,0.018617199186041475,True,False
taobao,0,recency,triple2vec,0.0037221999492958453,0.0007147613531801823,0.007264514261360768,True,False
taobao,0,recency,dnntsp,0.004606412270393149,-0.0014281458785991503,0.01081719321292742,False,False
taobao,0,recency,cbp,-0.0029798967710506284,-0.006631237368989387,0.000785854669996611,False,False
taobao,0,recency,diffrec,-0.0029806054268044775,-0.008627700548268622,0.0026978776663570373,False,False
taobao,0,frequency,tifuknn,-0.012056461646956566,-0.015023227946142855,-0.00920957151683652,False,True
taobao,0,frequency,fpmc,0.013395807452657268,0.007910229976648695,0.01837213096606186,True,False
taobao,0,frequency,triple2vec,0.004440833885953847,0.002202602538334943,0.00655298228359985,True,False
taobao,0,frequency,dnntsp,0.0053250462070511505,0.000550281356594478,0.010445085840168313,True,False
taobao,0,frequency,cbp,-0.002261262834392628,-0.004347240128685565,-0.00012982143526557945,False,True
taobao,0,frequency,diffrec,-0.0022619714901464766,-0.0067932739171511864,0.0020459128617341124,False,False
taobao,0,tifuknn,fpmc,0.025452269099613838,0.020486547052207583,0.030445104286359374,True,False
taobao,0,tifuknn,triple2vec,0.016497295532910412,0.013509443165909693,0.019703733850007957,True,False
taobao,0,tifuknn,dnntsp,0.017381507854007716,0.011785277990578448,0.022639388537405766,True,False
taobao,0,tifuknn,cbp,0.00979519881256394,0.007130597285938335,0.012579941276867259,True,False
taobao,0,tifuknn,diffrec,0.009794490156810089,0.004819309937934476,0.014654354153468187,True,False
taobao,0,fpmc,triple2vec,-0.008954973566703422,-0.013932654883756414,-0.0040853152468675906,False,True
taobao,0,fpmc,dnntsp,-0.008070761245606118,-0.0105886400645386,-0.005568247673772158,False,True
taobao,0,fpmc,cbp,-0.015657070287049896,-0.020506508964609167,-0.01126724236751636,False,True
taobao,0,fpmc,diffrec,-0.015657778942803745,-0.018608088817446522,-0.01260083163013559,False,True
taobao,0,triple2vec,dnntsp,0.0008842123210973037,-0.004293544138454452,0.006368216752142105,False,False
taobao,0,triple2vec,cbp,-0.006702096720346474,-0.009186623115416431,-0.004249067048658079,False,True
taobao,0,triple2vec,diffrec,-0.006702805376100323,-0.011844286029837623,-0.0015731803096771866,False,True
taobao,0,dnntsp,cbp,-0.007586309041443778,-0.012115334042302455,-0.0026267573477226536,False,True
taobao,0,dnntsp,diffrec,-0.0075870176971976275,-0.00978006770220681,-0.0054554174215579255,False,True
taobao,0,cbp,diffrec,-7.086557538487997e-07,-0.0043732032681077695,0.004334485039383989,False,False
taobao,1,recency,frequency,-0.0038606593795485044,-0.007211020276823538,-0.0007760661765028185,False,True
taobao,1,recency,tifuknn,-0.013808794158865642,-0.016463081570253234,-0.011158075840252451,False,True
taobao,1,recency,fpmc,0.006941120823885997,0.0010420125857955043,0.0125889973050719,True,False
taobao,1,recency,triple2vec,0.0013585892118564904,-0.001607393245076424,0.004633280187552339,False,False
taobao,1,recency,dnntsp,0.0003834524763656703,-0.005448930896469079,0.006296478955647864,False,False
taobao,1,recency,cbp,-0.006131616333194792,-0.009596179212991583,-0.0026824535954444806,False,True
taobao,1,recency,diffrec,-0.00640022061957917,-0.01218895703695866,-0.0009732600345601447,False,True
taobao,1,frequency,tifuknn,-0.009948134779317138,-0.012593979651093403,-0.007296383233073006,False,True
taobao,1,frequency,fpmc,0.010801780203434499,0.006218573637351205,0.015546889172805733,True,False
taobao,1,frequency,triple2vec,0.005219248591404995,0.002976798286485496,0.007204402790738048,True,False
taobao,1,frequency,dnntsp,0.004244111855914175,-0.0007034595653471767,0.009515178081540489,False,False
taobao,1,frequency,cbp,-0.002270956953646289,-0.004349913982260747,-0.0002898607543057991,False,True
taobao,1,frequency,diffrec,-0.002539561240030666,-0.00737857698132134,0.0021652047298243893,False,False
taobao,1,tifuknn,fpmc,0.020749914982751638,0.015790757818313954,0.025533392228717495,True,False
taobao,1,tifuknn,triple2vec,0.015167383370722133,0.01221709658419563,0.01818072147098174,True,False
taobao,1,tifuknn,dnntsp,0.014192246635231312,0.009024544366579889,0.019055716406499577,True,False
taobao,1,tifuknn,cbp,0.00767717782567085,0.005510641395151593,0.010153237091472837,True,False
taobao,1,tifuknn,diffrec,0.007408573539286473,0.0023300360452925785,0.012169391204654684,True,False
taobao,1,fpmc,triple2vec,-0.005582531612029505,-0.01075149871217939,-0.0004220648107917557,False,True
taobao,1,fpmc,dnntsp,-0.006557668347520326,-0.00896199973429658,-0.004210826626685459,False,True
taobao,1,fpmc,cbp,-0.013072737157080787,-0.01791166939478539,-0.008569087461791906,False,True
taobao,1,fpmc,diffrec,-0.013341341443465167,-0.01606499338462797,-0.010891069348199072,False,True
taobao,1,triple2vec,dnntsp,-0.0009751367354908203,-0.006185091820375577,0.004362726794939977,False,False
taobao,1,triple2vec,cbp,-0.0074902055450512825,-0.009923363654351066,-0.005067862363041302,False,True
taobao,1,triple2vec,diffrec,-0.00775880983143566,-0.012736771671324186,-0.0027208440648114965,False,True
taobao,1,dnntsp,cbp,-0.006515068809560463,-0.01108095946497172,-0.001789943775532845,False,True
taobao,1,dnntsp,diffrec,-0.00678367309594484,-0.008443672930489678,-0.005209862208691982,False,True
taobao,1,cbp,diffrec,-0.0002686042863843769,-0.005142515104495305,0.004160007136009557,False,False
taobao,2,recency,frequency,-0.00022720168878600166,-0.0034942174901762637,0.003375824033335195,False,False
taobao,2,recency,tifuknn,-0.012637758721182705,-0.015271147545608273,-0.010208622637865305,False,True
taobao,2,recency,fpmc,0.013534258159171485,0.007946168887454766,0.019142973686740682,True,False
taobao,2,recency,triple2vec,0.004176909906953063,0.0008125321854736769,0.007630520094866834,True,False
taobao,2,recency,dnntsp,0.005435296553319402,-0.0003029969888294323,0.011909819638415751,False,False
taobao,2,recency,cbp,-0.0032623877501123237,-0.007188640362234518,0.0004389022077298123,False,False
taobao,2,recency,diffrec,0.002095307365892902,-0.003885099284727843,0.008278962632072635,False,False
taobao,2,frequency,tifuknn,-0.012410557032396703,-0.01561438780077763,-0.009490771299224442,False,True
taobao,2,frequency,fpmc,0.013761459847957487,0.008801855874395942,0.018357274530840538,True,False
taobao,2,frequency,triple2vec,0.004404111595739064,0.002057982380066821,0.006800631735402413,True,False
taobao,2,frequency,dnntsp,0.005662498242105404,0.0006248218033549979,0.010733628311112957,True,False
taobao,2,frequency,cbp,-0.003035186061326323,-0.0052759228589849055,-0.0009319604471222249,False,True
taobao,2,frequency,diffrec,0.0023225090546789046,-0.002723602526050327,0.007514235381371441,False,False
taobao,2,tifuknn,fpmc,0.026172016880354188,0.02087835441555857,0.031077619675786154,True,False
taobao,2,tifuknn,triple2vec,0.016814668628135767,0.013930809265197169,0.019624583475574824,True,False
taobao,2,tifuknn,dnntsp,0.018073055274502106,0.012975045361625347,0.023101139581548014,True,False
taobao,2,tifuknn,cbp,0.00937537097107038,0.006739259108537026,0.012198746350533356,True,False
taobao,2,tifuknn,diffrec,0.014733066087075607,0.009957826377746136,0.01963790772905203,True,False
taobao,2,fpmc,triple2vec,-0.00935734825221842,-0.014394821822441384,-0.004062412917767484,False,True
taobao,2,fpmc,dnntsp,-0.008098961605852084,-0.010691360673565457,-0.005569899197524605,False,True
taobao,2,fpmc,cbp,-0.01679664590928381,-0.021132132728012835,-0.012326153275128803,False,True
taobao,2,fpmc,diffrec,-0.011438950793278583,-0.013952002528251182,-0.008953517447862528,False,True
taobao,2,triple2vec,dnntsp,0.0012583866463663383,-0.004159268870582391,0.006680411726534937,False,False
taobao,2,triple2vec,cbp,-0.0074392976570653874,-0.009971558435589932,-0.004680657567111748,False,True
taobao,2,triple2vec,diffrec,-0.00208160254106016,-0.007643125721481757,0.0034895316201104206,False,False
taobao,2,dnntsp,cbp,-0.008697684303431727,-0.013396550305310562,-0.00397861913013122,False,True
taobao,2,dnntsp,diffrec,-0.0033399891874264973,-0.0046198774693191795,-0.002176191733771302,False,True
taobao,2,cbp,diffrec,0.005357695116005227,0.0010356413633443543,0.009899347058968989,True,False
tmall,0,recency,frequency,0.0005526220903162967,-0.00038922839862977533,0.0015330208959809563,False,False
tmall,0,recency,tifuknn,7.582953970370293e-06,-0.0007229793803215092,0.0007427059049129731,False,False
tmall,0,recency,fpmc,0.00631477754322527,0.004732789803705894,0.007967177441844754,True,False
tmall,0,recency,triple2vec,0.0005831274803301178,-0.0002161702384456873,0.0014564523645431051,False,False
tmall,0,recency,dnntsp,-0.0011189018791496023,-0.003470993964004567,0.0011347612848930388,False,False
tmall,0,recency,cbp,0.0008371086112556211,-0.0002336363466875739,0.001912723307580755,False,False
tmall,0,recency,diffrec,0.003774951541600531,0.0022809900364441113,0.00533261687242079,True,False
tmall,0,frequency,tifuknn,-0.0005450391363459263,-0.0013811105793173658,0.00033899382576163404,False,False
tmall,0,frequency,fpmc,0.005762155452908972,0.004182310323418749,0.0073662468888387855,True,False
tmall,0,frequency,triple2vec,3.0505390013820935e-05,-0.0009173301107486819,0.00098266942030863,False,False
tmall,0,frequency,dnntsp,-0.0016715239694658987,-0.004036451153638293,0.0005895023599154875,False,False
tmall,0,frequency,cbp,0.00028448652093932437,-0.0004942805317089319,0.0010508295963802096,False,False
tmall,0,frequency,diffrec,0.0032223294512842347,0.0020301672509647453,0.004369236046531837,True,False
tmall,0,tifuknn,fpmc,0.0063071945892548996,0.004588861383022579,0.008089199160920522,True,False
tmall,0,tifuknn,triple2vec,0.0005755445263597472,-4.250584984484697e-05,0.0011875665671060897,False,False
tmall,0,tifuknn,dnntsp,-0.0011264848331199724,-0.0034281214496863373,0.0010995113542706537,False,False
tmall,0,tifuknn,cbp,0.0008295256572852509,3.067832756716984e-05,0.0016790379935200086,True,False
tmall,0,tifuknn,diffrec,0.0037673685876301608,0.0023776482627313835,0.005087515463007391,True,False
tmall,0,fpmc,triple2vec,-0.005731650062895152,-0.007529336053175632,-0.0040373550766786325,False,True
tmall,0,fpmc,dnntsp,-0.007433679422374872,-0.00959727713161548,-0.0052663630135857545,False,True
tmall,0,fpmc,cbp,-0.005477668931969648,-0.007199750272565199,-0.003958480198668405,False,True
tmall,0,fpmc,diffrec,-0.0025398260016247388,-0.003736404751402292,-0.0014114475670170387,False,True
tmall,0,triple2vec,dnntsp,-0.0017020293594797197,-0.0038974689865459346,0.0004802581303113856,False,False
tmall,0,triple2vec,cbp,0.0002539811309255035,-0.00045187087286953625,0.0009325678255783482,False,False
tmall,0,triple2vec,diffrec,0.0031918240612704134,0.0018873860421369112,0.004469927652622541,True,False
tmall,0,dnntsp,cbp,0.001956010490405223,-0.0002856081747720676,0.00421500901007625,False,False
tmall,0,dnntsp,diffrec,0.004893853420750133,0.0027822142819557954,0.0071757521628392044,True,False
tmall,0,cbp,diffrec,0.00293784293034491,0.0018058336101186658,0.004186556418422346,True,False
tmall,1,recency,frequency,0.0017870314608772787,0.0006290723584545904,0.0030663641304093797,True,False
tmall,1,recency,tifuknn,0.0008268287931700452,0.00020081507323567658,0.001481349232682217,True,False
tmall,1,recency,fpmc,0.009032802923756252,0.006879008026306471,0.01124385069675323,True,False
tmall,1,recency,triple2vec,0.0017342599076327727,0.0008733523995037025,0.00257132559133701,True,False
tmall,1,recency,dnntsp,0.0038802310985103336,0.001794876132668462,0.006139974714570959,True,False
tmall,1,recency,cbp,0.002262330142757746,0.0011077744615142452,0.0033149760292140373,True,False
tmall,1,recency,diffrec,0.0056221138456073235,0.0039956982166252895,0.007508644346307057,True,False
tmall,1,frequency,tifuknn,-0.0009602026677072333,-0.001968275424780616,4.75901552342848e-05,False,False
tmall,1,frequency,fpmc,0.007245771462878973,0.0052969287142160745,0.009215516400507,True,False
tmall,1,frequency,triple2vec,-5.277155324450578e-05,-0.0011912665522410676,0.0010777005375315226,False,False
tmall,1,frequency,dnntsp,0.0020931996376330557,8.53256486476331e-05,0.004016670827979967,True,False
tmall,1,frequency,cbp,0.0004752986818804676,-0.00041812825926723694,0.0013137042370297528,False,False
tmall,1,frequency,diffrec,0.0038350823847300448,0.0027361004057095237,0.004975811365753056,True,False
tmall,1,tifuknn,fpmc,0.008205974130586206,0.006374915879222625,0.010202623160803781,True,False
tmall,1,tifuknn,triple2vec,0.0009074311144627276,0.00023016498504668467,0.0016176708234150847,True,False
tmall,1,tifuknn,dnntsp,0.0030534023053402893,0.0012688313563013443,0.004952477979170204,True,False
tmall,1,tifuknn,cbp,0.0014355013495877009,0.0004092299566039171,0.002423698155008123,True,False
tmall,1,tifuknn,diffrec,0.0047952850524372774,0.0033657546570043714,0.0063425050774483065,True,False
tmall,1,fpmc,triple2vec,-0.007298543016123479,-0.009227724356625758,-0.005347797838324888,False,True
tmall,1,fpmc,dnntsp,-0.0051525718252459175,-0.006776630090964605,-0.0035395223277245665,False,True
tmall,1,fpmc,cbp,-0.006770472780998506,-0.008603405522303337,-0.004792319681593125,False,True
tmall,1,fpmc,diffrec,-0.0034106890781489293,-0.0048610182923827065,-0.002021000612099858,False,True
tmall,1,triple2vec,dnntsp,0.002145971190877562,0.0003314914615284218,0.004156714141408863,True,False
tmall,1,triple2vec,cbp,0.0005280702351249734,-0.0005075506004878285,0.0015239753069104308,False,False
tmall,1,triple2vec,diffrec,0.0038878539379745497,0.002474861269506196,0.005577803882943459,True,False
tmall,1,dnntsp,cbp,-0.001617900955752588,-0.0034219765368452243,0.0001871423262476537,False,False
tmall,1,dnntsp,diffrec,0.0017418827470969884,-4.935653576560443e-05,0.003438511830199525,False,False
tmall,1,cbp,diffrec,0.0033597837028495766,0.0020283700963497717,0.004783608063262685,True,False
tmall,2,recency,frequency,0.0019348986417417338,0.000826971838653978,0.003074185441519678,True,False
tmall,2,recency,tifuknn,0.0012504010627981841,0.0006495095702854712,0.0018721538150803308,True,False
tmall,2,recency,fpmc,0.008624868783377362,0.006624540904043466,0.010731633176024517,True,False
tmall,2,recency,triple2vec,0.0016918354424897866,0.0008431172674657804,0.0025781588251299176,True,False
tmall,2,recency,dnntsp,0.002133065900236159,0.00017722759482765915,0.004148136651706246,True,False
tmall,2,recency,cbp,0.0027857556957054078,0.00151227015219809,0.004129662415706846,True,False
tmall,2,recency,diffrec,0.005163773432090029,0.0034617506627851063,0.006973153428555753,True,False
tmall,2,frequency,tifuknn,-0.0006844975789435496,-0.0018432587916146015,0.0004279300428277703,False,False
tmall,2,frequency,fpmc,0.006689970141635627,0.005070381121671446,0.008544966886254354,True,False
tmall,2,frequency,triple2vec,-0.00024306319925194693,-0.0012971558700215504,0.0007159467076385682,False,False
tmall,2,frequency,dnntsp,0.000198167258494426,-0.001867831068640092,0.0021417335491878057,False,False
tmall,2,frequency,cbp,0.0008508570539636748,-4.712784949607081e-05,0.001823243148774539,False,False
tmall,2,frequency,diffrec,0.003228874790348295,0.0020767318648593036,0.004530701769799427,True,False
tmall,2,tifuknn,fpmc,0.007374467720579176,0.005580102161479793,0.009181555834201566,True,False
tmall,2,tifuknn,triple2vec,0.00044143437969160264,-0.00023918822211674103,0.0011098998753473256,False,False
tmall,2,tifuknn,dnntsp,0.0008826648374379756,-0.000903337111915086,0.0028114309901141024,False,False
tmall,2,tifuknn,cbp,0.001535354632907224,0.0004288557095607377,0.0027051727534042184,True,False
tmall,2,tifuknn,diffrec,0.0039133723692918445,0.002434844506987125,0.0054866390323694844,True,False
tmall,2,fpmc,triple2vec,-0.006933033340887573,-0.008790045752282755,-0.005159839831519308,False,True
tmall,2,fpmc,dnntsp,-0.006491802883141201,-0.008551177995253536,-0.004658751367805819,False,True
tmall,2,fpmc,cbp,-0.005839113087671953,-0.007742055348491556,-0.004175348849753485,False,True
tmall,2,fpmc,diffrec,-0.0034610953512873325,-0.004677854295089296,-0.0022612850030419756,False,True
tmall,2,triple2vec,dnntsp,0.00044123045774637274,-0.0015020733476307558,0.002491223539392192,False,False
tmall,2,triple2vec,cbp,0.0010939202532156216,0.00017256020047099312,0.0020490823504970106,True,False
tmall,2,triple2vec,diffrec,0.0034719379896002425,0.002103483202711594,0.004978737260922518,True,False
tmall,2,dnntsp,cbp,0.0006526897954692489,-0.0011841466525613917,0.0023987622538448835,False,False
tmall,2,dnntsp,diffrec,0.0030307075318538688,0.0010594591330945044,0.005084557006319945,True,False
tmall,2,cbp,diffrec,0.0023780177363846204,0.0009330433686725265,0.0037982769231788365,True,False
valuedshopper,0,recency,frequency,-0.12338227485910286,-0.12935893156822428,-0.11770366183582501,False,True
valuedshopper,0,recency,tifuknn,-0.13885522205176842,-0.144505773881908,-0.13322971889790106,False,True
valuedshopper,0,recency,fpmc,0.00047607811592353304,-0.005013161885016171,0.005919671284978472,False,False
valuedshopper,0,recency,triple2vec,-0.13337785430179994,-0.1391604182355998,-0.12769705239642484,False,True
valuedshopper,0,recency,dnntsp,-0.10697838886782583,-0.11325271053464733,-0.1011251063340959,False,True
valuedshopper,0,recency,cbp,-0.12451512091576242,-0.1301164905883588,-0.11860392933991938,False,True
valuedshopper,0,recency,diffrec,-0.10206518230926451,-0.1075559517335834,-0.09655063775547779,False,True
valuedshopper,0,frequency,tifuknn,-0.015472947192665575,-0.01856013521977625,-0.0123422883208446,False,True
valuedshopper,0,frequency,fpmc,0.1238583529750264,0.11727662251728191,0.13017919455856666,True,False
valuedshopper,0,frequency,triple2vec,-0.009995579442697064,-0.01273899532916074,-0.007365410132225935,False,True
valuedshopper,0,frequency,dnntsp,0.016403885991277022,0.011810986564912744,0.02092875388027482,True,False
valuedshopper,0,frequency,cbp,-0.0011328460566595543,-0.0024018292525050866,0.0001352733469730616,False,False
valuedshopper,0,frequency,diffrec,0.021317092549838337,0.017254458406981442,0.0250427644438938,True,False
valuedshopper,0,tifuknn,fpmc,0.13933130016769196,0.13270720614739695,0.14569011121785447,True,False
valuedshopper,0,tifuknn,triple2vec,0.005477367749968511,0.002921419475687483,0.008305234187019337,True,False
valuedshopper,0,tifuknn,dnntsp,0.0318768331839426,0.02755760795125351,0.03624117847902222,True,False
valuedshopper,0,tifuknn,cbp,0.014340101136006023,0.01150234497869778,0.01726865588470518,True,False
valuedshopper,0,tifuknn,diffrec,0.036790039742503916,0.03223852465214419,0.04094539522778909,True,False
valuedshopper,0,fpmc,triple2vec,-0.13385393241772345,-0.14079654311710263,-0.1272822951399723,False,True
valuedshopper,0,fpmc,dnntsp,-0.10745446698374937,-0.11364232053692909,-0.10111680601766414,False,True
valuedshopper,0,fpmc,cbp,-0.12499119903168596,-0.1314868362370071,-0.1184395814806291,False,True
valuedshopper,0,fpmc,diffrec,-0.10254126042518806,-0.10817129003660211,-0.0966908455967648,False,True
valuedshopper,0,triple2vec,dnntsp,0.02639946543397409,0.021995988938316675,0.031025986856570452,True,False
valuedshopper,0,triple2vec,cbp,0.00886273338603751,0.006379593651281387,0.011516813223364699,True,False
valuedshopper,0,triple2vec,diffrec,0.0313126719925354,0.026755298416779826,0.03593253767087594,True,False
valuedshopper,0,dnntsp,cbp,-0.017536732047936578,-0.021952328073570088,-0.01337904808340985,False,True
valuedshopper,0,dnntsp,diffrec,0.004913206558561315,0.0006570706136135813,0.009314026877096013,True,False
valuedshopper,0,cbp,diffrec,0.022449938606497893,0.01844239507144235,0.026499746992581463,True,False
valuedshopper,1,recency,frequency,-0.1282566960952804,-0.1338238457607799,-0.12227659474333467,False,True
valuedshopper,1,recency,tifuknn,-0.1421074120446256,-0.14775651150640878,-0.13618333641586194,False,True
valuedshopper,1,recency,fpmc,0.001419547040717085,-0.004160731465519388,0.006774081432772054,False,False
valuedshopper,1,recency,triple2vec,-0.13684287102347045,-0.14247463367512198,-0.13083248311456208,False,True
valuedshopper,1,recency,dnntsp,-0.11232901155199294,-0.11847802027516378,-0.10657696386786356,False,True
valuedshopper,1,recency,cbp,-0.1303305581065136,-0.13582698400584148,-0.12470354247208242,False,True
valuedshopper,1,recency,diffrec,-0.11390690747458479,-0.11991778945145083,-0.10817853892677946,False,True
valuedshopper,1,frequency,tifuknn,-0.013850715949345218,-0.016861582638846715,-0.011088647820290686,False,True
valuedshopper,1,frequency,fpmc,0.1296762431359975,0.12309881247158716,0.13628022715346244,True,False
valuedshopper,1,frequency,triple2vec,-0.008586174928190067,-0.011212023486328746,-0.006130143557158527,False,True
valuedshopper,1,frequency,dnntsp,0.01592768454328745,0.01194215005146856,0.020528575463766196,True,False
valuedshopper,1,frequency,cbp,-0.0020738620112332,-0.003318061772666536,-0.0008491379143432916,False,True
valuedshopper,1,frequency,diffrec,0.014349788620695613,0.010712667424660675,0.018122335669679444,True,False
valuedshopper,1,tifuknn,fpmc,0.14352695908534271,0.1369728137608188,0.14992086392538442,True,False
valuedshopper,1,tifuknn,triple2vec,0.005264541021155154,0.0028477058969029623,0.0076336995339813234,True,False
valuedshopper,1,tifuknn,dnntsp,0.02977840049263267,0.025524481118504232,0.034392425330234205,True,False
valuedshopper,1,tifuknn,cbp,0.01177685393811202,0.008915639630053745,0.014493645969056468,True,False
valuedshopper,1,tifuknn,diffrec,0.028200504570040832,0.023974795070954454,0.03259498980004567,True,False
valuedshopper,1,fpmc,triple2vec,-0.13826241806418754,-0.14492455552357494,-0.13156001464619985,False,True
valuedshopper,1,fpmc,dnntsp,-0.11374855859271003,-0.11971522927577083,-0.10810433214321441,False,True
valuedshopper,1,fpmc,cbp,-0.13175010514723065,-0.13810078191982425,-0.12545325840071475,False,True
valuedshopper,1,fpmc,diffrec,-0.11532645451530187,-0.12063039394298662,-0.10994281194604516,False,True
valuedshopper,1,triple2vec,dnntsp,0.024513859471477523,0.02046702447291038,0.029054033111520643,True,False
valuedshopper,1,triple2vec,cbp,0.006512312916956867,0.00405023510181265,0.009063723591944704,True,False
valuedshopper,1,triple2vec,diffrec,0.022935963548885677,0.01868597596434719,0.027681214269473082,True,False
valuedshopper,1,dnntsp,cbp,-0.018001546554520652,-0.022460445503152234,-0.013810113486417011,False,True
valuedshopper,1,dnntsp,diffrec,-0.0015778959225918403,-0.00609279395411388,0.003003377263778515,False,False
valuedshopper,1,cbp,diffrec,0.01642365063192881,0.012410270792828472,0.020342226345427802,True,False
valuedshopper,2,recency,frequency,-0.123835132914229,-0.13032938767309543,-0.11813660675772616,False,True
valuedshopper,2,recency,tifuknn,-0.1393832440577257,-0.14458797181622765,-0.13346628835815466,False,True
valuedshopper,2,recency,fpmc,0.007068416606494281,0.0014482911886371937,0.01275548225699209,True,False
valuedshopper,2,recency,triple2vec,-0.13391133661560892,-0.1403334887670696,-0.12809962240998268,False,True
valuedshopper,2,recency,dnntsp,-0.1079702664125987,-0.11433375811710803,-0.1013073690807467,False,True
valuedshopper,2,recency,cbp,-0.12466321749866241,-0.13064814840006653,-0.11896298854056367,False,True
valuedshopper,2,recency,diffrec,-0.10501456827471325,-0.11077042890351331,-0.09943927226946422,False,True
valuedshopper,2,frequency,tifuknn,-0.015548111143496716,-0.018757399470521196,-0.01269894820006386,False,True
valuedshopper,2,frequency,fpmc,0.13090354952072328,0.12492107481355806,0.13756686122281175,True,False
valuedshopper,2,frequency,triple2vec,-0.010076203701379934,-0.012777122322068896,-0.0073607666959432695,False,True
valuedshopper,2,frequency,dnntsp,0.015864866501630295,0.011646623674579207,0.020370720913445422,True,False
valuedshopper,2,frequency,cbp,-0.0008280845844334104,-0.0022001205582402273,0.0004735923589403381,False,False
valuedshopper,2,frequency,diffrec,0.01882056463951574,0.014717861688149985,0.022687445226790056,True,False
valuedshopper,2,tifuknn,fpmc,0.14645166066422,0.14006269809972394,0.15249570580293395,True,False
valuedshopper,2,tifuknn,triple2vec,0.005471907442116782,0.0028513489226268773,0.007797131601615225,True,False
valuedshopper,2,tifuknn,dnntsp,0.03141297764512701,0.027105978407865786,0.035658935716826684,True,False
valuedshopper,2,tifuknn,cbp,0.014720026559063307,0.011892007658088235,0.017612831213810933,True,False
valuedshopper,2,tifuknn,diffrec,0.034368675783012455,0.029780784640037257,0.03874273276083012,True,False
valuedshopper,2,fpmc,triple2vec,-0.1409797532221032,-0.14734064354513357,-0.13439919585320412,False,True
valuedshopper,2,fpmc,dnntsp,-0.115038683019093,-0.12152526750622523,-0.10941683223693191,False,True
valuedshopper,2,fpmc,cbp,-0.13173163410515668,-0.13832796922215035,-0.12490273959280106,False,True
valuedshopper,2,fpmc,diffrec,-0.11208298488120753,-0.11741384185537274,-0.1066874153886974,False,True
valuedshopper,2,triple2vec,dnntsp,0.025941070203010223,0.021729968783468084,0.030322998846617277,True,False
valuedshopper,2,triple2vec,cbp,0.009248119116946523,0.006672369376991614,0.011711227631379148,True,False
valuedshopper,2,triple2vec,diffrec,0.028896768340895673,0.02444603248640201,0.033371756549221636,True,False
valuedshopper,2,dnntsp,cbp,-0.016692951086063702,-0.021295206311506366,-0.01274368266964292,False,True
valuedshopper,2,dnntsp,diffrec,0.002955698137885448,-0.0010700271562823548,0.007050409435802264,False,False
valuedshopper,2,cbp,diffrec,0.019648649223949148,0.01607518147378476,0.0233069815424764,True,False
