dataset,keyset,recency,frequency,tifuknn,fpmc,triple2vec,dnntsp,cbp,diffrec
dunnhumby,0,0.18876784622632337,0.2810376260798641,0.2789603960766895,0.1504312853208272,0.2735699131841298,0.24811776409557065,0.28207353341627156,0.2684615373239613
dunnhumby,1,0.190270944668487,0.2893387613507044,0.28205680401313177,0.15418669145513805,0.27803748313377485,0.23472634309536805,0.29016409670211124,0.2715996316166317
dunnhumby,2,0.18856158070454712,0.28665242114594086,0.2803244948546858,0.1504440601596244,0.2755539528020478,0.24254603489391563,0.28737186348118127,0.2690779390171432
instacart,0,0.30820794940211543,0.46146176520442583,0.44987213623566175,0.14319334146369905,0.405006096368328,0.3992632196075864,0.457737730470935,0.365841530101882
instacart,1,0.3032361447522172,0.4556108861030137,0.44549304706910997,0.14439903748884644,0.4363417668617479,0.3879815778280025,0.4535579110591587,0.36046440206653546
instacart,2,0.29585089917931046,0.4516781601953964,0.4378016941021284,0.1427719490468377,0.37382194394935897,0.384616364450786,0.44788147585245874,0.3584225944251426
retailrocket,0,0.6131229473970606,0.6009772310876137,0.6014139996008468,0.47863179303063313,0.5963037154769066,0.15673542926925718,0.5968353659759288,0.5868806419775662
retailrocket,1,0.5802515538633963,0.5840402609221802,0.5782041310415273,0.5264182661714836,0.5815905989130241,0.0811089159507991,0.5777451187375957,0.5671878982137335
retailrocket,2,0.5916394293236499,0.5917506092815398,0.5827892711441831,0.5318036895008098,0.5822922719678009,0.16115945689684863,0.5838120959761389,0.5737598684782554
sam,0,0.31726126510994745,0.3847251931050693,0.37330622858357665,0.11662825036540042,0.37112327043903115,0.2551409084258505,0.3749163411204619,0.19290787771087234
sam,1,0.3061188101151413,0.37285521825501067,0.36315390561447675,0.1192919019573095,0.3608141996160875,0.26681598963813696,0.3636609470426487,0.19087367475116038
sam,2,0.30834286479065487,0.3689498991732847,0.3600932433011458,0.11330046511926033,0.3566440434321227,0.2542693741319954,0.3616759315463915,0.18337427823014624
tafeng,0,0.0758940757753997,0.1021714813612087,0.096770767178387,0.07907120555154303,0.09800837963603141,0.10821092175481839,0.11431980536253904,0.0969708174690469
tafeng,1,0.07798798137468368,0.10569394956613493,0.10161355030573355,0.07840999437662295,0.09799938413067909,0.10727416251058372,0.11587269615600887,0.10022016938496861
tafeng,2,0.07739657013199998,0.10257487752969163,0.09767379194295717,0.07861148910045601,0.09749678589588269,0.11025608899290108,0.1139211198186337,0.09658937472373799
taobao,0,0.08046173277975752,0.08118036671641551,0.09323682836337208,0.06778455926375825,0.07673953283046166,0.07585532050936436,0.08344162955080814,0.083442338206562
taobao,1,0.07672422583247798,0.08058488521202649,0.09053301999134362,0.06978310500859199,0.0753656366206215,0.07634077335611231,0.08285584216567278,0.08312444645205715
taobao,2,0.07982346587467286,0.08005066756345885,0.09246122459585557,0.06628920771550137,0.0756465559677198,0.07438816932135346,0.08308585362478518,0.07772815850877995
tmall,0,0.00928809995500848,0.008735477864692181,0.009280517001038107,0.0029733224117832087,0.008704972474678361,0.01040700183415808,0.008450991343752857,0.0055131484134079475
tmall,1,0.010862489171359908,0.00907545771048263,0.010035660378189863,0.001829686247603657,0.009128229263727137,0.006982258072849574,0.008600159028602164,0.005240375325752586
tmall,2,0.011276990183262055,0.009342091541520322,0.01002658912046387,0.0026521213998846947,0.009585154740772268,0.009143924283025896,0.008491234487556646,0.006113216751172027
valuedshopper,0,0.21770818498405334,0.3410904598431562,0.3565634070358218,0.2172321068681298,0.3510860392858533,0.32468657385187916,0.34222330589981576,0.31977336729331785
valuedshopper,1,0.2219235045207496,0.35018020061603,0.36403091656537523,0.22050395748003254,0.3587663755442201,0.33425251607274253,0.35225406262726316,0.3358304119953344
valuedshopper,2,0.22223858224189338,0.34607371515612234,0.36162182629961903,0.2151701656353991,0.3561499188575023,0.330208848654492,0.3469017997405558,0.3272531505166066
