dataset,feature_a,feature_b,spearman,abs_spearman
dunnhumby,n_baskets,avg_basket_size,-0.03426478539821839,0.03426478539821839
dunnhumby,n_baskets,repeat_rate,0.6568706183544086,0.6568706183544086
dunnhumby,n_baskets,item_entropy,-0.6486953200522234,0.6486953200522234
dunnhumby,n_baskets,singleton_item_share,-0.5473734855332149,0.5473734855332149
dunnhumby,n_baskets,adjacent_basket_jaccard,0.06368226047567462,0.06368226047567462
dunnhumby,n_baskets,recency_frequency_disagreement,0.46158308778037316,0.46158308778037316
dunnhumby,n_baskets,preference_drift,-0.3840247817483345,0.3840247817483345
dunnhumby,n_baskets,recent_basket_novelty,-0.38581774394539425,0.38581774394539425
dunnhumby,n_baskets,popularity_profile,0.04857622308687535,0.04857622308687535
dunnhumby,n_baskets,frequency_popularity_alignment,0.06572197789687233,0.06572197789687233
dunnhumby,n_baskets,neighbor_similarity,0.23753526447671805,0.23753526447671805
dunnhumby,n_baskets,cooccurrence_support,0.053854094374055306,0.053854094374055306
dunnhumby,n_baskets,transition_predictability,0.013072029942075652,0.013072029942075652
dunnhumby,avg_basket_size,repeat_rate,0.26869089620514003,0.26869089620514003
dunnhumby,avg_basket_size,item_entropy,-0.1095280697304851,0.1095280697304851
dunnhumby,avg_basket_size,singleton_item_share,-0.29254544039218405,0.29254544039218405
dunnhumby,avg_basket_size,adjacent_basket_jaccard,0.32927574102377216,0.32927574102377216
dunnhumby,avg_basket_size,recency_frequency_disagreement,0.5410595129150415,0.5410595129150415
dunnhumby,avg_basket_size,preference_drift,-0.29203370562951325,0.29203370562951325
dunnhumby,avg_basket_size,recent_basket_novelty,-0.21485172838717118,0.21485172838717118
dunnhumby,avg_basket_size,popularity_profile,0.02109200958562122,0.02109200958562122
dunnhumby,avg_basket_size,frequency_popularity_alignment,0.06762274470422672,0.06762274470422672
dunnhumby,avg_basket_size,neighbor_similarity,-0.1294681388545862,0.1294681388545862
dunnhumby,avg_basket_size,cooccurrence_support,0.03999829542426566,0.03999829542426566
dunnhumby,avg_basket_size,transition_predictability,0.052319556798072514,0.052319556798072514
dunnhumby,repeat_rate,item_entropy,-0.9469633037966221,0.9469633037966221
dunnhumby,repeat_rate,singleton_item_share,-0.9511429919609061,0.9511429919609061
dunnhumby,repeat_rate,adjacent_basket_jaccard,0.6251339498311156,0.6251339498311156
dunnhumby,repeat_rate,recency_frequency_disagreement,0.24155205435583846,0.24155205435583846
dunnhumby,repeat_rate,preference_drift,-0.9188535647937291,0.9188535647937291
dunnhumby,repeat_rate,recent_basket_novelty,-0.6599729193934023,0.6599729193934023
dunnhumby,repeat_rate,popularity_profile,0.22503699957096412,0.22503699957096412
dunnhumby,repeat_rate,frequency_popularity_alignment,0.17587780040049633,0.17587780040049633
dunnhumby,repeat_rate,neighbor_similarity,0.36787809406686767,0.36787809406686767
dunnhumby,repeat_rate,cooccurrence_support,0.22875431548184397,0.22875431548184397
dunnhumby,repeat_rate,transition_predictability,0.14786754478928996,0.14786754478928996
dunnhumby,item_entropy,singleton_item_share,0.8393317416866365,0.8393317416866365
dunnhumby,item_entropy,adjacent_basket_jaccard,-0.6338065581282077,0.6338065581282077
dunnhumby,item_entropy,recency_frequency_disagreement,-0.1507482100598312,0.1507482100598312
dunnhumby,item_entropy,preference_drift,0.8491366188843054,0.8491366188843054
dunnhumby,item_entropy,recent_basket_novelty,0.6225272565501495,0.6225272565501495
dunnhumby,item_entropy,popularity_profile,-0.22790667106289295,0.22790667106289295
dunnhumby,item_entropy,frequency_popularity_alignment,-0.16979351956269476,0.16979351956269476
dunnhumby,item_entropy,neighbor_similarity,-0.47091527413253487,0.47091527413253487
dunnhumby,item_entropy,cooccurrence_support,-0.23183570293454842,0.23183570293454842
dunnhumby,item_entropy,transition_predictability,-0.15603826490700637,0.15603826490700637
dunnhumby,singleton_item_share,adjacent_basket_jaccard,-0.6166731648362097,0.6166731648362097
dunnhumby,singleton_item_share,recency_frequency_disagreement,-0.2077592229485865,0.2077592229485865
dunnhumby,singleton_item_share,preference_drift,0.8614124789590784,0.8614124789590784
dunnhumby,singleton_item_share,recent_basket_novelty,0.6529086577727714,0.6529086577727714
dunnhumby,singleton_item_share,popularity_profile,-0.22099844195391088,0.22099844195391088
dunnhumby,singleton_item_share,frequency_popularity_alignment,-0.1568820890494018,0.1568820890494018
dunnhumby,singleton_item_share,neighbor_similarity,-0.28606538217822647,0.28606538217822647
dunnhumby,singleton_item_share,cooccurrence_support,-0.21810823809668106,0.21810823809668106
dunnhumby,singleton_item_share,transition_predictability,-0.1389820753674264,0.1389820753674264
dunnhumby,adjacent_basket_jaccard,recency_frequency_disagreement,0.021320792913073545,0.021320792913073545
dunnhumby,adjacent_basket_jaccard,preference_drift,-0.5512360497878167,0.5512360497878167
dunnhumby,adjacent_basket_jaccard,recent_basket_novelty,-0.4508910390094341,0.4508910390094341
dunnhumby,adjacent_basket_jaccard,popularity_profile,0.19892700891892312,0.19892700891892312
dunnhumby,adjacent_basket_jaccard,frequency_popularity_alignment,0.08973085902635672,0.08973085902635672
dunnhumby,adjacent_basket_jaccard,neighbor_similarity,0.2914423548797725,0.2914423548797725
dunnhumby,adjacent_basket_jaccard,cooccurrence_support,0.19482701726932944,0.19482701726932944
dunnhumby,adjacent_basket_jaccard,transition_predictability,0.1478574160424041,0.1478574160424041
dunnhumby,recency_frequency_disagreement,preference_drift,0.04368589677265322,0.04368589677265322
dunnhumby,recency_frequency_disagreement,recent_basket_novelty,-0.05241848314357819,0.05241848314357819
dunnhumby,recency_frequency_disagreement,popularity_profile,-0.0608371513131349,0.0608371513131349
dunnhumby,recency_frequency_disagreement,frequency_popularity_alignment,-0.005378617727067168,0.005378617727067168
dunnhumby,recency_frequency_disagreement,neighbor_similarity,-0.09709452649187349,0.09709452649187349
dunnhumby,recency_frequency_disagreement,cooccurrence_support,-0.05462487819318797,0.05462487819318797
dunnhumby,recency_frequency_disagreement,transition_predictability,-0.11697154016676385,0.11697154016676385
dunnhumby,preference_drift,recent_basket_novelty,0.5465780604813826,0.5465780604813826
dunnhumby,preference_drift,popularity_profile,-0.26559695699604147,0.26559695699604147
dunnhumby,preference_drift,frequency_popularity_alignment,-0.18856963132683302,0.18856963132683302
dunnhumby,preference_drift,neighbor_similarity,-0.3453941308180188,0.3453941308180188
dunnhumby,preference_drift,cooccurrence_support,-0.2702864259017369,0.2702864259017369
dunnhumby,preference_drift,transition_predictability,-0.18586252166000056,0.18586252166000056
dunnhumby,recent_basket_novelty,popularity_profile,-0.14094917379281452,0.14094917379281452
dunnhumby,recent_basket_novelty,frequency_popularity_alignment,-0.0704498761999998,0.0704498761999998
dunnhumby,recent_basket_novelty,neighbor_similarity,-0.24690397029951958,0.24690397029951958
dunnhumby,recent_basket_novelty,cooccurrence_support,-0.13919015600231446,0.13919015600231446
dunnhumby,recent_basket_novelty,transition_predictability,-0.2743174532136181,0.2743174532136181
dunnhumby,popularity_profile,frequency_popularity_alignment,0.37027540968218187,0.37027540968218187
dunnhumby,popularity_profile,neighbor_similarity,0.4490109928816656,0.4490109928816656
dunnhumby,popularity_profile,cooccurrence_support,0.7457813682760586,0.7457813682760586
dunnhumby,popularity_profile,transition_predictability,0.45876235024534745,0.45876235024534745
dunnhumby,frequency_popularity_alignment,neighbor_similarity,0.4657329591992885,0.4657329591992885
dunnhumby,frequency_popularity_alignment,cooccurrence_support,0.42738741451345635,0.42738741451345635
dunnhumby,frequency_popularity_alignment,transition_predictability,0.23379355587927114,0.23379355587927114
dunnhumby,neighbor_similarity,cooccurrence_support,0.6068540124572196,0.6068540124572196
dunnhumby,neighbor_similarity,transition_predictability,0.3327915590027828,0.3327915590027828
dunnhumby,cooccurrence_support,transition_predictability,0.4022735328918825,0.4022735328918825
instacart,n_baskets,avg_basket_size,0.06790772474468786,0.06790772474468786
instacart,n_baskets,repeat_rate,0.7756639834507392,0.7756639834507392
instacart,n_baskets,item_entropy,-0.765804197563935,0.765804197563935
instacart,n_baskets,singleton_item_share,-0.5884005039179789,0.5884005039179789
instacart,n_baskets,adjacent_basket_jaccard,0.014059450634971493,0.014059450634971493
instacart,n_baskets,recency_frequency_disagreement,0.3191455079534845,0.3191455079534845
instacart,n_baskets,preference_drift,-0.5904836256842517,0.5904836256842517
instacart,n_baskets,recent_basket_novelty,-0.5106606582215201,0.5106606582215201
instacart,n_baskets,popularity_profile,0.11505751552294624,0.11505751552294624
instacart,n_baskets,frequency_popularity_alignment,0.19153529223352853,0.19153529223352853
instacart,n_baskets,neighbor_similarity,0.22563673586507044,0.22563673586507044
instacart,n_baskets,cooccurrence_support,0.19615823209572966,0.19615823209572966
instacart,n_baskets,transition_predictability,0.11065573134492736,0.11065573134492736
instacart,avg_basket_size,repeat_rate,0.09794867127456976,0.09794867127456976
instacart,avg_basket_size,item_entropy,0.09438940769838855,0.09438940769838855
instacart,avg_basket_size,singleton_item_share,-0.10195411970842945,0.10195411970842945
instacart,avg_basket_size,adjacent_basket_jaccard,0.0304344011991433,0.0304344011991433
instacart,avg_basket_size,recency_frequency_disagreement,0.5739938913788627,0.5739938913788627
instacart,avg_basket_size,preference_drift,-0.09540037078173373,0.09540037078173373
instacart,avg_basket_size,recent_basket_novelty,0.0036678536716957875,0.0036678536716957875
instacart,avg_basket_size,popularity_profile,0.006586329204542489,0.006586329204542489
instacart,avg_basket_size,frequency_popularity_alignment,0.08068259450993263,0.08068259450993263
instacart,avg_basket_size,neighbor_similarity,-0.17594804115467996,0.17594804115467996
instacart,avg_basket_size,cooccurrence_support,0.023226705143081637,0.023226705143081637
instacart,avg_basket_size,transition_predictability,-0.012593856669157603,0.012593856669157603
instacart,repeat_rate,item_entropy,-0.9147405511326077,0.9147405511326077
instacart,repeat_rate,singleton_item_share,-0.9205328990263028,0.9205328990263028
instacart,repeat_rate,adjacent_basket_jaccard,0.5320754265723847,0.5320754265723847
instacart,repeat_rate,recency_frequency_disagreement,0.0177799903176105,0.0177799903176105
instacart,repeat_rate,preference_drift,-0.9483163747661826,0.9483163747661826
instacart,repeat_rate,recent_basket_novelty,-0.7029441627933797,0.7029441627933797
instacart,repeat_rate,popularity_profile,0.2669686621963807,0.2669686621963807
instacart,repeat_rate,frequency_popularity_alignment,0.18673156006274685,0.18673156006274685
instacart,repeat_rate,neighbor_similarity,0.3277827526076234,0.3277827526076234
instacart,repeat_rate,cooccurrence_support,0.3417251303382747,0.3417251303382747
instacart,repeat_rate,transition_predictability,0.21846365933424136,0.21846365933424136
instacart,item_entropy,singleton_item_share,0.7452067950139677,0.7452067950139677
instacart,item_entropy,adjacent_basket_jaccard,-0.520016725838622,0.520016725838622
instacart,item_entropy,recency_frequency_disagreement,0.06703699706083482,0.06703699706083482
instacart,item_entropy,preference_drift,0.8326403423057146,0.8326403423057146
instacart,item_entropy,recent_basket_novelty,0.6426731447747025,0.6426731447747025
instacart,item_entropy,popularity_profile,-0.236746538046979,0.236746538046979
instacart,item_entropy,frequency_popularity_alignment,-0.17488588569534064,0.17488588569534064
instacart,item_entropy,neighbor_similarity,-0.3848437476112001,0.3848437476112001
instacart,item_entropy,cooccurrence_support,-0.29864849400535626,0.29864849400535626
instacart,item_entropy,transition_predictability,-0.20370821824890595,0.20370821824890595
instacart,singleton_item_share,adjacent_basket_jaccard,-0.5705870375261993,0.5705870375261993
instacart,singleton_item_share,recency_frequency_disagreement,0.0532927272792709,0.0532927272792709
instacart,singleton_item_share,preference_drift,0.8838222253444425,0.8838222253444425
instacart,singleton_item_share,recent_basket_novelty,0.6868136624763622,0.6868136624763622
instacart,singleton_item_share,popularity_profile,-0.2741997142402557,0.2741997142402557
instacart,singleton_item_share,frequency_popularity_alignment,-0.14513328045078538,0.14513328045078538
instacart,singleton_item_share,neighbor_similarity,-0.28477798426730455,0.28477798426730455
instacart,singleton_item_share,cooccurrence_support,-0.33593410206868973,0.33593410206868973
instacart,singleton_item_share,transition_predictability,-0.21744417415993955,0.21744417415993955
instacart,adjacent_basket_jaccard,recency_frequency_disagreement,-0.32118955723937376,0.32118955723937376
instacart,adjacent_basket_jaccard,preference_drift,-0.5710263936477684,0.5710263936477684
instacart,adjacent_basket_jaccard,recent_basket_novelty,-0.41227788711591845,0.41227788711591845
instacart,adjacent_basket_jaccard,popularity_profile,0.2341072963673401,0.2341072963673401
instacart,adjacent_basket_jaccard,frequency_popularity_alignment,0.032655498163233945,0.032655498163233945
instacart,adjacent_basket_jaccard,neighbor_similarity,0.2390734631846529,0.2390734631846529
instacart,adjacent_basket_jaccard,cooccurrence_support,0.2459741030015455,0.2459741030015455
instacart,adjacent_basket_jaccard,transition_predictability,0.1753368183963627,0.1753368183963627
instacart,recency_frequency_disagreement,preference_drift,0.1617722010781577,0.1617722010781577
instacart,recency_frequency_disagreement,recent_basket_novelty,0.21050376438317797,0.21050376438317797
instacart,recency_frequency_disagreement,popularity_profile,-0.09423435657971921,0.09423435657971921
instacart,recency_frequency_disagreement,frequency_popularity_alignment,0.057265299737314174,0.057265299737314174
instacart,recency_frequency_disagreement,neighbor_similarity,-0.1696392137320195,0.1696392137320195
instacart,recency_frequency_disagreement,cooccurrence_support,-0.07057550192121789,0.07057550192121789
instacart,recency_frequency_disagreement,transition_predictability,-0.1451803029063826,0.1451803029063826
instacart,preference_drift,recent_basket_novelty,0.611064750935365,0.611064750935365
instacart,preference_drift,popularity_profile,-0.29788888429754534,0.29788888429754534
instacart,preference_drift,frequency_popularity_alignment,-0.1574026865420908,0.1574026865420908
instacart,preference_drift,neighbor_similarity,-0.3010851260254406,0.3010851260254406
instacart,preference_drift,cooccurrence_support,-0.36349163208653673,0.36349163208653673
instacart,preference_drift,transition_predictability,-0.22987913309935615,0.22987913309935615
instacart,recent_basket_novelty,popularity_profile,-0.2048447044445918,0.2048447044445918
instacart,recent_basket_novelty,frequency_popularity_alignment,-0.10998925969639367,0.10998925969639367
instacart,recent_basket_novelty,neighbor_similarity,-0.25183705682871405,0.25183705682871405
instacart,recent_basket_novelty,cooccurrence_support,-0.24701066981442907,0.24701066981442907
instacart,recent_basket_novelty,transition_predictability,-0.2404806560691386,0.2404806560691386
instacart,popularity_profile,frequency_popularity_alignment,0.3090148243787616,0.3090148243787616
instacart,popularity_profile,neighbor_similarity,0.6100530799534434,0.6100530799534434
instacart,popularity_profile,cooccurrence_support,0.8764696045675813,0.8764696045675813
instacart,popularity_profile,transition_predictability,0.7240844915235706,0.7240844915235706
instacart,frequency_popularity_alignment,neighbor_similarity,0.44923271478466126,0.44923271478466126
instacart,frequency_popularity_alignment,cooccurrence_support,0.36118118010942407,0.36118118010942407
instacart,frequency_popularity_alignment,transition_predictability,0.3132812085664593,0.3132812085664593
instacart,neighbor_similarity,cooccurrence_support,0.7013204792172546,0.7013204792172546
instacart,neighbor_similarity,transition_predictability,0.6092495040061033,0.6092495040061033
instacart,cooccurrence_support,transition_predictability,0.7516379860036545,0.7516379860036545
retailrocket,n_baskets,avg_basket_size,0.31989597619722704,0.31989597619722704
retailrocket,n_baskets,repeat_rate,0.5995248686390865,0.5995248686390865
retailrocket,n_baskets,item_entropy,0.6180668512223083,0.6180668512223083
retailrocket,n_baskets,singleton_item_share,-0.5980476176702725,0.5980476176702725
retailrocket,n_baskets,adjacent_basket_jaccard,-0.4172738612967093,0.4172738612967093
retailrocket,n_baskets,recency_frequency_disagreement,0.6012857238910169,0.6012857238910169
retailrocket,n_baskets,preference_drift,-0.008005307913862964,0.008005307913862964
retailrocket,n_baskets,recent_basket_novelty,0.41368161997613345,0.41368161997613345
retailrocket,n_baskets,popularity_profile,0.2897638918998261,0.2897638918998261
retailrocket,n_baskets,frequency_popularity_alignment,-0.5407783282529831,0.5407783282529831
retailrocket,n_baskets,neighbor_similarity,0.4807598161311364,0.4807598161311364
retailrocket,n_baskets,cooccurrence_support,0.4586538696337093,0.4586538696337093
retailrocket,n_baskets,transition_predictability,0.5063253244999546,0.5063253244999546
retailrocket,avg_basket_size,repeat_rate,0.19690811006644562,0.19690811006644562
retailrocket,avg_basket_size,item_entropy,0.7235966115773066,0.7235966115773066
retailrocket,avg_basket_size,singleton_item_share,-0.19427915919375166,0.19427915919375166
retailrocket,avg_basket_size,adjacent_basket_jaccard,-0.12447647561664538,0.12447647561664538
retailrocket,avg_basket_size,recency_frequency_disagreement,0.4123308495440192,0.4123308495440192
retailrocket,avg_basket_size,preference_drift,-0.2220719733118008,0.2220719733118008
retailrocket,avg_basket_size,recent_basket_novelty,0.10841247406394726,0.10841247406394726
retailrocket,avg_basket_size,popularity_profile,0.045385383859398026,0.045385383859398026
retailrocket,avg_basket_size,frequency_popularity_alignment,0.28246826274499237,0.28246826274499237
retailrocket,avg_basket_size,neighbor_similarity,0.3162467428865798,0.3162467428865798
retailrocket,avg_basket_size,cooccurrence_support,-0.17694573647965128,0.17694573647965128
retailrocket,avg_basket_size,transition_predictability,0.2861394368765683,0.2861394368765683
retailrocket,repeat_rate,item_entropy,0.06298427203547971,0.06298427203547971
retailrocket,repeat_rate,singleton_item_share,-0.9994896988032269,0.9994896988032269
retailrocket,repeat_rate,adjacent_basket_jaccard,0.898822945402434,0.898822945402434
retailrocket,repeat_rate,recency_frequency_disagreement,0.25671417956990394,0.25671417956990394
retailrocket,repeat_rate,preference_drift,-0.8275776447683565,0.8275776447683565
retailrocket,repeat_rate,recent_basket_novelty,-0.8590194173026654,0.8590194173026654
retailrocket,repeat_rate,popularity_profile,0.340192126290509,0.340192126290509
retailrocket,repeat_rate,frequency_popularity_alignment,0.6949694526600882,0.6949694526600882
retailrocket,repeat_rate,neighbor_similarity,0.1732106050822426,0.1732106050822426
retailrocket,repeat_rate,cooccurrence_support,0.46920368188164724,0.46920368188164724
retailrocket,repeat_rate,transition_predictability,0.22990694294259995,0.22990694294259995
retailrocket,item_entropy,singleton_item_share,-0.060188217452781856,0.060188217452781856
retailrocket,item_entropy,adjacent_basket_jaccard,-0.8213003462105655,0.8213003462105655
retailrocket,item_entropy,recency_frequency_disagreement,0.3960425053754925,0.3960425053754925
retailrocket,item_entropy,preference_drift,0.7493848669483413,0.7493848669483413
retailrocket,item_entropy,recent_basket_novelty,0.7727659122332761,0.7727659122332761
retailrocket,item_entropy,popularity_profile,0.07171212947299097,0.07171212947299097
retailrocket,item_entropy,frequency_popularity_alignment,-0.5972392629616795,0.5972392629616795
retailrocket,item_entropy,neighbor_similarity,0.4157739580812924,0.4157739580812924
retailrocket,item_entropy,cooccurrence_support,-0.2810218734032374,0.2810218734032374
retailrocket,item_entropy,transition_predictability,0.306631314982735,0.306631314982735
retailrocket,singleton_item_share,adjacent_basket_jaccard,-0.9113216560050382,0.9113216560050382
retailrocket,singleton_item_share,recency_frequency_disagreement,-0.25664441758214723,0.25664441758214723
retailrocket,singleton_item_share,preference_drift,0.8234160586234116,0.8234160586234116
retailrocket,singleton_item_share,recent_basket_novelty,0.8611992282971013,0.8611992282971013
retailrocket,singleton_item_share,popularity_profile,-0.33941898462131953,0.33941898462131953
retailrocket,singleton_item_share,frequency_popularity_alignment,-0.6973124223993501,0.6973124223993501
retailrocket,singleton_item_share,neighbor_similarity,-0.17233453869143434,0.17233453869143434
retailrocket,singleton_item_share,cooccurrence_support,-0.475693876044123,0.475693876044123
retailrocket,singleton_item_share,transition_predictability,-0.2153899961260678,0.2153899961260678
retailrocket,adjacent_basket_jaccard,recency_frequency_disagreement,-0.30053244281746516,0.30053244281746516
retailrocket,adjacent_basket_jaccard,preference_drift,-0.4134469574813874,0.4134469574813874
retailrocket,adjacent_basket_jaccard,recent_basket_novelty,-0.8366938199515528,0.8366938199515528
retailrocket,adjacent_basket_jaccard,popularity_profile,0.6062445212955264,0.6062445212955264
retailrocket,adjacent_basket_jaccard,frequency_popularity_alignment,0.49532616711228816,0.49532616711228816
retailrocket,adjacent_basket_jaccard,neighbor_similarity,-0.4473787011207868,0.4473787011207868
retailrocket,adjacent_basket_jaccard,cooccurrence_support,0.35437005654602616,0.35437005654602616
retailrocket,adjacent_basket_jaccard,transition_predictability,-0.30702287580479276,0.30702287580479276
retailrocket,recency_frequency_disagreement,preference_drift,0.03516606854498129,0.03516606854498129
retailrocket,recency_frequency_disagreement,recent_basket_novelty,0.3347718970194298,0.3347718970194298
retailrocket,recency_frequency_disagreement,popularity_profile,0.07982327744850169,0.07982327744850169
retailrocket,recency_frequency_disagreement,frequency_popularity_alignment,-0.5831150990741503,0.5831150990741503
retailrocket,recency_frequency_disagreement,neighbor_similarity,0.4496864953258826,0.4496864953258826
retailrocket,recency_frequency_disagreement,cooccurrence_support,0.33049455726743737,0.33049455726743737
retailrocket,recency_frequency_disagreement,transition_predictability,0.3818677617976578,0.3818677617976578
retailrocket,preference_drift,recent_basket_novelty,0.5564937500821191,0.5564937500821191
retailrocket,preference_drift,popularity_profile,-0.491132285909015,0.491132285909015
retailrocket,preference_drift,frequency_popularity_alignment,-0.5977378835551331,0.5977378835551331
retailrocket,preference_drift,neighbor_similarity,-0.11400423701675003,0.11400423701675003
retailrocket,preference_drift,cooccurrence_support,0.031545252672018735,0.031545252672018735
retailrocket,preference_drift,transition_predictability,-0.23684210526315788,0.23684210526315788
retailrocket,recent_basket_novelty,popularity_profile,-0.56928428484636,0.56928428484636
retailrocket,recent_basket_novelty,frequency_popularity_alignment,-0.44059522399342016,0.44059522399342016
retailrocket,recent_basket_novelty,neighbor_similarity,0.4254536635005672,0.4254536635005672
retailrocket,recent_basket_novelty,cooccurrence_support,-0.15109798544410682,0.15109798544410682
retailrocket,recent_basket_novelty,transition_predictability,0.06765238322477543,0.06765238322477543
retailrocket,popularity_profile,frequency_popularity_alignment,0.28158045539642634,0.28158045539642634
retailrocket,popularity_profile,neighbor_similarity,0.7764014986773653,0.7764014986773653
retailrocket,popularity_profile,cooccurrence_support,0.42734626587572005,0.42734626587572005
retailrocket,popularity_profile,transition_predictability,-0.5221119018182484,0.5221119018182484
retailrocket,frequency_popularity_alignment,neighbor_similarity,-0.1518085933441603,0.1518085933441603
retailrocket,frequency_popularity_alignment,cooccurrence_support,0.120876390457805,0.120876390457805
retailrocket,frequency_popularity_alignment,transition_predictability,0.5,0.5
retailrocket,neighbor_similarity,cooccurrence_support,0.4065538428512816,0.4065538428512816
retailrocket,neighbor_similarity,transition_predictability,-0.12012144986880965,0.12012144986880965
retailrocket,cooccurrence_support,transition_predictability,0.21786544079840928,0.21786544079840928
sam,n_baskets,avg_basket_size,0.2309944508624366,0.2309944508624366
sam,n_baskets,repeat_rate,0.5210555777814317,0.5210555777814317
sam,n_baskets,item_entropy,-0.44340231713592115,0.44340231713592115
sam,n_baskets,singleton_item_share,-0.3591160775400322,0.3591160775400322
sam,n_baskets,adjacent_basket_jaccard,0.14515121327557587,0.14515121327557587
sam,n_baskets,recency_frequency_disagreement,0.5909406850421275,0.5909406850421275
sam,n_baskets,preference_drift,-0.24669421647333645,0.24669421647333645
sam,n_baskets,recent_basket_novelty,-0.3464288760311736,0.3464288760311736
sam,n_baskets,popularity_profile,0.2159324003573646,0.2159324003573646
sam,n_baskets,frequency_popularity_alignment,0.10078250305038586,0.10078250305038586
sam,n_baskets,neighbor_similarity,0.1839510266338298,0.1839510266338298
sam,n_baskets,cooccurrence_support,0.31403364076973117,0.31403364076973117
sam,n_baskets,transition_predictability,0.12448534278176639,0.12448534278176639
sam,avg_basket_size,repeat_rate,-0.18199236611712497,0.18199236611712497
sam,avg_basket_size,item_entropy,0.2634468114827465,0.2634468114827465
sam,avg_basket_size,singleton_item_share,0.21399273711608482,0.21399273711608482
sam,avg_basket_size,adjacent_basket_jaccard,-0.24810469212069752,0.24810469212069752
sam,avg_basket_size,recency_frequency_disagreement,0.7475953890075504,0.7475953890075504
sam,avg_basket_size,preference_drift,0.31887421550970974,0.31887421550970974
sam,avg_basket_size,recent_basket_novelty,0.17149813749059428,0.17149813749059428
sam,avg_basket_size,popularity_profile,0.2228167422904921,0.2228167422904921
sam,avg_basket_size,frequency_popularity_alignment,-0.09159639177980079,0.09159639177980079
sam,avg_basket_size,neighbor_similarity,0.12900851741310362,0.12900851741310362
sam,avg_basket_size,cooccurrence_support,0.22495809054742671,0.22495809054742671
sam,avg_basket_size,transition_predictability,-0.22554537793426063,0.22554537793426063
sam,repeat_rate,item_entropy,-0.9333059242499073,0.9333059242499073
sam,repeat_rate,singleton_item_share,-0.9498705736642359,0.9498705736642359
sam,repeat_rate,adjacent_basket_jaccard,0.8255321201021298,0.8255321201021298
sam,repeat_rate,recency_frequency_disagreement,0.00882447531778317,0.00882447531778317
sam,repeat_rate,preference_drift,-0.9263571306962533,0.9263571306962533
sam,repeat_rate,recent_basket_novelty,-0.8264770341702229,0.8264770341702229
sam,repeat_rate,popularity_profile,0.29468881437819017,0.29468881437819017
sam,repeat_rate,frequency_popularity_alignment,0.1970527734488415,0.1970527734488415
sam,repeat_rate,neighbor_similarity,0.12853256416114187,0.12853256416114187
sam,repeat_rate,cooccurrence_support,0.41386973805895444,0.41386973805895444
sam,repeat_rate,transition_predictability,0.34412046476079655,0.34412046476079655
sam,item_entropy,singleton_item_share,0.8701703316125422,0.8701703316125422
sam,item_entropy,adjacent_basket_jaccard,-0.8278275716426203,0.8278275716426203
sam,item_entropy,recency_frequency_disagreement,0.05236239344273882,0.05236239344273882
sam,item_entropy,preference_drift,0.858425507455515,0.858425507455515
sam,item_entropy,recent_basket_novelty,0.780315741298047,0.780315741298047
sam,item_entropy,popularity_profile,-0.2517020403322871,0.2517020403322871
sam,item_entropy,frequency_popularity_alignment,-0.1880693334937246,0.1880693334937246
sam,item_entropy,neighbor_similarity,-0.12541551209632099,0.12541551209632099
sam,item_entropy,cooccurrence_support,-0.3072386511757542,0.3072386511757542
sam,item_entropy,transition_predictability,-0.3510699744268647,0.3510699744268647
sam,singleton_item_share,adjacent_basket_jaccard,-0.8271471917082529,0.8271471917082529
sam,singleton_item_share,recency_frequency_disagreement,0.07039159253955357,0.07039159253955357
sam,singleton_item_share,preference_drift,0.8511294150780493,0.8511294150780493
sam,singleton_item_share,recent_basket_novelty,0.8233825154389021,0.8233825154389021
sam,singleton_item_share,popularity_profile,-0.25899248404903297,0.25899248404903297
sam,singleton_item_share,frequency_popularity_alignment,-0.1722477056697495,0.1722477056697495
sam,singleton_item_share,neighbor_similarity,-0.08316202681030176,0.08316202681030176
sam,singleton_item_share,cooccurrence_support,-0.39234696710422085,0.39234696710422085
sam,singleton_item_share,transition_predictability,-0.3033799161240631,0.3033799161240631
sam,adjacent_basket_jaccard,recency_frequency_disagreement,-0.2040460502579486,0.2040460502579486
sam,adjacent_basket_jaccard,preference_drift,-0.700010800516344,0.700010800516344
sam,adjacent_basket_jaccard,recent_basket_novelty,-0.703571690099816,0.703571690099816
sam,adjacent_basket_jaccard,popularity_profile,0.24449858377856454,0.24449858377856454
sam,adjacent_basket_jaccard,frequency_popularity_alignment,0.11359917395943928,0.11359917395943928
sam,adjacent_basket_jaccard,neighbor_similarity,0.08293961551242157,0.08293961551242157
sam,adjacent_basket_jaccard,cooccurrence_support,0.26539586674252635,0.26539586674252635
sam,adjacent_basket_jaccard,transition_predictability,0.3263210164765665,0.3263210164765665
sam,recency_frequency_disagreement,preference_drift,0.40662532188177575,0.40662532188177575
sam,recency_frequency_disagreement,recent_basket_novelty,0.0596460336459334,0.0596460336459334
sam,recency_frequency_disagreement,popularity_profile,0.17130855306402973,0.17130855306402973
sam,recency_frequency_disagreement,frequency_popularity_alignment,-0.06864294898387527,0.06864294898387527
sam,recency_frequency_disagreement,neighbor_similarity,0.0852531339141129,0.0852531339141129
sam,recency_frequency_disagreement,cooccurrence_support,0.19402710920464236,0.19402710920464236
sam,recency_frequency_disagreement,transition_predictability,-0.1734858949531957,0.1734858949531957
sam,preference_drift,recent_basket_novelty,0.6572394243023663,0.6572394243023663
sam,preference_drift,popularity_profile,-0.2992390782382301,0.2992390782382301
sam,preference_drift,frequency_popularity_alignment,-0.19597140669706367,0.19597140669706367
sam,preference_drift,neighbor_similarity,-0.1408862492760302,0.1408862492760302
sam,preference_drift,cooccurrence_support,-0.4212241490209212,0.4212241490209212
sam,preference_drift,transition_predictability,-0.4032787397845527,0.4032787397845527
sam,recent_basket_novelty,popularity_profile,-0.2444176136634955,0.2444176136634955
sam,recent_basket_novelty,frequency_popularity_alignment,-0.118301350207175,0.118301350207175
sam,recent_basket_novelty,neighbor_similarity,-0.09934882055584658,0.09934882055584658
sam,recent_basket_novelty,cooccurrence_support,-0.31288432901098745,0.31288432901098745
sam,recent_basket_novelty,transition_predictability,-0.3467631876546128,0.3467631876546128
sam,popularity_profile,frequency_popularity_alignment,0.04720218284757344,0.04720218284757344
sam,popularity_profile,neighbor_similarity,0.6589165989331635,0.6589165989331635
sam,popularity_profile,cooccurrence_support,0.5891110199336211,0.5891110199336211
sam,popularity_profile,transition_predictability,0.34837662856462787,0.34837662856462787
sam,frequency_popularity_alignment,neighbor_similarity,0.31460271224219466,0.31460271224219466
sam,frequency_popularity_alignment,cooccurrence_support,0.13537892038167734,0.13537892038167734
sam,frequency_popularity_alignment,transition_predictability,0.19281925153344331,0.19281925153344331
sam,neighbor_similarity,cooccurrence_support,0.4833749214767328,0.4833749214767328
sam,neighbor_similarity,transition_predictability,0.45273207647260194,0.45273207647260194
sam,cooccurrence_support,transition_predictability,0.32132356047067434,0.32132356047067434
tafeng,n_baskets,avg_basket_size,-0.041032494427963175,0.041032494427963175
tafeng,n_baskets,repeat_rate,0.7252558257316518,0.7252558257316518
tafeng,n_baskets,item_entropy,-0.5100629551631818,0.5100629551631818
tafeng,n_baskets,singleton_item_share,-0.7109990668932192,0.7109990668932192
tafeng,n_baskets,adjacent_basket_jaccard,0.23873128893712686,0.23873128893712686
tafeng,n_baskets,recency_frequency_disagreement,0.6629175801901653,0.6629175801901653
tafeng,n_baskets,preference_drift,-0.30896820572661776,0.30896820572661776
tafeng,n_baskets,recent_basket_novelty,-0.3177042301568171,0.3177042301568171
tafeng,n_baskets,popularity_profile,-0.03638042846608413,0.03638042846608413
tafeng,n_baskets,frequency_popularity_alignment,0.1142813954000839,0.1142813954000839
tafeng,n_baskets,neighbor_similarity,-0.09965912699369002,0.09965912699369002
tafeng,n_baskets,cooccurrence_support,0.1507178105446125,0.1507178105446125
tafeng,n_baskets,transition_predictability,0.036337536795835,0.036337536795835
tafeng,avg_basket_size,repeat_rate,0.10790263938896247,0.10790263938896247
tafeng,avg_basket_size,item_entropy,0.106369571648708,0.106369571648708
tafeng,avg_basket_size,singleton_item_share,-0.10848448147881376,0.10848448147881376
tafeng,avg_basket_size,adjacent_basket_jaccard,0.22908414585533426,0.22908414585533426
tafeng,avg_basket_size,recency_frequency_disagreement,0.5435410006901711,0.5435410006901711
tafeng,avg_basket_size,preference_drift,-0.1468574285714467,0.1468574285714467
tafeng,avg_basket_size,recent_basket_novelty,-0.20399304155089742,0.20399304155089742
tafeng,avg_basket_size,popularity_profile,-0.22826026769529567,0.22826026769529567
tafeng,avg_basket_size,frequency_popularity_alignment,-0.06458716928658001,0.06458716928658001
tafeng,avg_basket_size,neighbor_similarity,-0.48429881537617686,0.48429881537617686
tafeng,avg_basket_size,cooccurrence_support,-0.21222492190608055,0.21222492190608055
tafeng,avg_basket_size,transition_predictability,-0.13411539268523054,0.13411539268523054
tafeng,repeat_rate,item_entropy,-0.801159182766916,0.801159182766916
tafeng,repeat_rate,singleton_item_share,-0.9952603801380302,0.9952603801380302
tafeng,repeat_rate,adjacent_basket_jaccard,0.7828867124017351,0.7828867124017351
tafeng,repeat_rate,recency_frequency_disagreement,0.5289677458904598,0.5289677458904598
tafeng,repeat_rate,preference_drift,-0.8137110070368432,0.8137110070368432
tafeng,repeat_rate,recent_basket_novelty,-0.7164441671993332,0.7164441671993332
tafeng,repeat_rate,popularity_profile,0.015042460125161803,0.015042460125161803
tafeng,repeat_rate,frequency_popularity_alignment,0.136509882363759,0.136509882363759
tafeng,repeat_rate,neighbor_similarity,-0.028976223996357034,0.028976223996357034
tafeng,repeat_rate,cooccurrence_support,0.12345896393236543,0.12345896393236543
tafeng,repeat_rate,transition_predictability,0.0632473715368288,0.0632473715368288
tafeng,item_entropy,singleton_item_share,0.7932120594326125,0.7932120594326125
tafeng,item_entropy,adjacent_basket_jaccard,-0.774572620700894,0.774572620700894
tafeng,item_entropy,recency_frequency_disagreement,-0.3241338711155061,0.3241338711155061
tafeng,item_entropy,preference_drift,0.7960410612348877,0.7960410612348877
tafeng,item_entropy,recent_basket_novelty,0.6915318060570945,0.6915318060570945
tafeng,item_entropy,popularity_profile,-0.09580671400008132,0.09580671400008132
tafeng,item_entropy,frequency_popularity_alignment,-0.1321493565273104,0.1321493565273104
tafeng,item_entropy,neighbor_similarity,-0.07775262024264927,0.07775262024264927
tafeng,item_entropy,cooccurrence_support,-0.11298167150339225,0.11298167150339225
tafeng,item_entropy,transition_predictability,-0.09367592492498134,0.09367592492498134
tafeng,singleton_item_share,adjacent_basket_jaccard,-0.7751777938094305,0.7751777938094305
tafeng,singleton_item_share,recency_frequency_disagreement,-0.5169532344401933,0.5169532344401933
tafeng,singleton_item_share,preference_drift,0.7763300733995583,0.7763300733995583
tafeng,singleton_item_share,recent_basket_novelty,0.7143836813248207,0.7143836813248207
tafeng,singleton_item_share,popularity_profile,-0.01765779658160608,0.01765779658160608
tafeng,singleton_item_share,frequency_popularity_alignment,-0.12185052876441162,0.12185052876441162
tafeng,singleton_item_share,neighbor_similarity,0.0328994948910968,0.0328994948910968
tafeng,singleton_item_share,cooccurrence_support,-0.12473299649746526,0.12473299649746526
tafeng,singleton_item_share,transition_predictability,-0.06279172576452383,0.06279172576452383
tafeng,adjacent_basket_jaccard,recency_frequency_disagreement,0.2165468023297087,0.2165468023297087
tafeng,adjacent_basket_jaccard,preference_drift,-0.4068651610925535,0.4068651610925535
tafeng,adjacent_basket_jaccard,recent_basket_novelty,-0.5723716651646482,0.5723716651646482
tafeng,adjacent_basket_jaccard,popularity_profile,0.05463416819722015,0.05463416819722015
tafeng,adjacent_basket_jaccard,frequency_popularity_alignment,-0.011458657429299158,0.011458657429299158
tafeng,adjacent_basket_jaccard,neighbor_similarity,0.040783542671306974,0.040783542671306974
tafeng,adjacent_basket_jaccard,cooccurrence_support,0.029844539471662896,0.029844539471662896
tafeng,adjacent_basket_jaccard,transition_predictability,0.04154574099469108,0.04154574099469108
tafeng,recency_frequency_disagreement,preference_drift,-0.03625766941560043,0.03625766941560043
tafeng,recency_frequency_disagreement,recent_basket_novelty,-0.18701446098305669,0.18701446098305669
tafeng,recency_frequency_disagreement,popularity_profile,-0.170230036316502,0.170230036316502
tafeng,recency_frequency_disagreement,frequency_popularity_alignment,-0.019263497690297754,0.019263497690297754
tafeng,recency_frequency_disagreement,neighbor_similarity,-0.410237260885763,0.410237260885763
tafeng,recency_frequency_disagreement,cooccurrence_support,-0.04188564862809212,0.04188564862809212
tafeng,recency_frequency_disagreement,transition_predictability,-0.09754571173782409,0.09754571173782409
tafeng,preference_drift,recent_basket_novelty,0.5029997716785369,0.5029997716785369
tafeng,preference_drift,popularity_profile,-0.13357793680622213,0.13357793680622213
tafeng,preference_drift,frequency_popularity_alignment,-0.14822749577584163,0.14822749577584163
tafeng,preference_drift,neighbor_similarity,-0.17821360694421307,0.17821360694421307
tafeng,preference_drift,cooccurrence_support,-0.0918023643887091,0.0918023643887091
tafeng,preference_drift,transition_predictability,-0.08913491367160739,0.08913491367160739
tafeng,recent_basket_novelty,popularity_profile,-0.03506026862933156,0.03506026862933156
tafeng,recent_basket_novelty,frequency_popularity_alignment,-0.057732115623179786,0.057732115623179786
tafeng,recent_basket_novelty,neighbor_similarity,-0.02688590872016217,0.02688590872016217
tafeng,recent_basket_novelty,cooccurrence_support,-0.024906988367236465,0.024906988367236465
tafeng,recent_basket_novelty,transition_predictability,-0.1413123529242174,0.1413123529242174
tafeng,popularity_profile,frequency_popularity_alignment,0.10812510786860698,0.10812510786860698
tafeng,popularity_profile,neighbor_similarity,0.6138913658513483,0.6138913658513483
tafeng,popularity_profile,cooccurrence_support,0.7285796201745836,0.7285796201745836
tafeng,popularity_profile,transition_predictability,0.5526028129228905,0.5526028129228905
tafeng,frequency_popularity_alignment,neighbor_similarity,0.4106738735361471,0.4106738735361471
tafeng,frequency_popularity_alignment,cooccurrence_support,0.14474853624303752,0.14474853624303752
tafeng,frequency_popularity_alignment,transition_predictability,0.15983085377493159,0.15983085377493159
tafeng,neighbor_similarity,cooccurrence_support,0.625826605312347,0.625826605312347
tafeng,neighbor_similarity,transition_predictability,0.5553285741351561,0.5553285741351561
tafeng,cooccurrence_support,transition_predictability,0.5495451086485831,0.5495451086485831
taobao,n_baskets,avg_basket_size,0.31674244136530505,0.31674244136530505
taobao,n_baskets,repeat_rate,0.34743850154789924,0.34743850154789924
taobao,n_baskets,item_entropy,-0.23570645962526882,0.23570645962526882
taobao,n_baskets,singleton_item_share,-0.33335388691563805,0.33335388691563805
taobao,n_baskets,adjacent_basket_jaccard,0.20140744279538023,0.20140744279538023
taobao,n_baskets,recency_frequency_disagreement,0.672011261872942,0.672011261872942
taobao,n_baskets,preference_drift,-0.23097393425606308,0.23097393425606308
taobao,n_baskets,recent_basket_novelty,-0.07349130439207895,0.07349130439207895
taobao,n_baskets,popularity_profile,-0.11812889975010579,0.11812889975010579
taobao,n_baskets,frequency_popularity_alignment,-0.2452785989185852,0.2452785989185852
taobao,n_baskets,neighbor_similarity,-0.004003795881376369,0.004003795881376369
taobao,n_baskets,cooccurrence_support,0.1833794759101641,0.1833794759101641
taobao,n_baskets,transition_predictability,-0.003397897996272141,0.003397897996272141
taobao,avg_basket_size,repeat_rate,0.014277041298677724,0.014277041298677724
taobao,avg_basket_size,item_entropy,0.04340491779974619,0.04340491779974619
taobao,avg_basket_size,singleton_item_share,-0.011554071075693121,0.011554071075693121
taobao,avg_basket_size,adjacent_basket_jaccard,-0.03138989780943734,0.03138989780943734
taobao,avg_basket_size,recency_frequency_disagreement,0.5405335822833305,0.5405335822833305
taobao,avg_basket_size,preference_drift,0.0124828212246451,0.0124828212246451
taobao,avg_basket_size,recent_basket_novelty,0.06405289862157466,0.06405289862157466
taobao,avg_basket_size,popularity_profile,-0.3662422524086737,0.3662422524086737
taobao,avg_basket_size,frequency_popularity_alignment,-0.1796210618466627,0.1796210618466627
taobao,avg_basket_size,neighbor_similarity,-0.2695021676799745,0.2695021676799745
taobao,avg_basket_size,cooccurrence_support,0.3613902453050752,0.3613902453050752
taobao,avg_basket_size,transition_predictability,-0.103544455973241,0.103544455973241
taobao,repeat_rate,item_entropy,-0.8494080261133233,0.8494080261133233
taobao,repeat_rate,singleton_item_share,-0.9962233638814659,0.9962233638814659
taobao,repeat_rate,adjacent_basket_jaccard,0.8089006391390178,0.8089006391390178
taobao,repeat_rate,recency_frequency_disagreement,0.15565124123388027,0.15565124123388027
taobao,repeat_rate,preference_drift,-0.6661630589404993,0.6661630589404993
taobao,repeat_rate,recent_basket_novelty,-0.6314383834762409,0.6314383834762409
taobao,repeat_rate,popularity_profile,0.2027695984657416,0.2027695984657416
taobao,repeat_rate,frequency_popularity_alignment,0.40887158466743295,0.40887158466743295
taobao,repeat_rate,neighbor_similarity,0.23927286559836713,0.23927286559836713
taobao,repeat_rate,cooccurrence_support,0.10765016100733783,0.10765016100733783
taobao,repeat_rate,transition_predictability,0.3344194884907416,0.3344194884907416
taobao,item_entropy,singleton_item_share,0.8449370249500172,0.8449370249500172
taobao,item_entropy,adjacent_basket_jaccard,-0.687041701708179,0.687041701708179
taobao,item_entropy,recency_frequency_disagreement,-0.08676459125729014,0.08676459125729014
taobao,item_entropy,preference_drift,0.612604368971699,0.612604368971699
taobao,item_entropy,recent_basket_novelty,0.5336305734445105,0.5336305734445105
taobao,item_entropy,popularity_profile,-0.18754452571469815,0.18754452571469815
taobao,item_entropy,frequency_popularity_alignment,-0.42999295858234815,0.42999295858234815
taobao,item_entropy,neighbor_similarity,-0.20833678985606205,0.20833678985606205
taobao,item_entropy,cooccurrence_support,-0.086422681282251,0.086422681282251
taobao,item_entropy,transition_predictability,-0.2926621798930227,0.2926621798930227
taobao,singleton_item_share,adjacent_basket_jaccard,-0.7985562602379074,0.7985562602379074
taobao,singleton_item_share,recency_frequency_disagreement,-0.14698883282124373,0.14698883282124373
taobao,singleton_item_share,preference_drift,0.6345011612423791,0.6345011612423791
taobao,singleton_item_share,recent_basket_novelty,0.6299003214403011,0.6299003214403011
taobao,singleton_item_share,popularity_profile,-0.20024399777180799,0.20024399777180799
taobao,singleton_item_share,frequency_popularity_alignment,-0.3250823538429953,0.3250823538429953
taobao,singleton_item_share,neighbor_similarity,-0.22576324847428872,0.22576324847428872
taobao,singleton_item_share,cooccurrence_support,-0.10296897248236402,0.10296897248236402
taobao,singleton_item_share,transition_predictability,-0.3216178993088811,0.3216178993088811
taobao,adjacent_basket_jaccard,recency_frequency_disagreement,0.06170275095743261,0.06170275095743261
taobao,adjacent_basket_jaccard,preference_drift,-0.38149676181712033,0.38149676181712033
taobao,adjacent_basket_jaccard,recent_basket_novelty,-0.5134544450863161,0.5134544450863161
taobao,adjacent_basket_jaccard,popularity_profile,0.2076479489410762,0.2076479489410762
taobao,adjacent_basket_jaccard,frequency_popularity_alignment,0.28362950479661164,0.28362950479661164
taobao,adjacent_basket_jaccard,neighbor_similarity,0.23055820467046553,0.23055820467046553
taobao,adjacent_basket_jaccard,cooccurrence_support,0.07459216101816774,0.07459216101816774
taobao,adjacent_basket_jaccard,transition_predictability,0.3181556053938897,0.3181556053938897
taobao,recency_frequency_disagreement,preference_drift,-0.08884954664384023,0.08884954664384023
taobao,recency_frequency_disagreement,recent_basket_novelty,0.027264689396038527,0.027264689396038527
taobao,recency_frequency_disagreement,popularity_profile,-0.22530962214517758,0.22530962214517758
taobao,recency_frequency_disagreement,frequency_popularity_alignment,-0.29844590936465687,0.29844590936465687
taobao,recency_frequency_disagreement,neighbor_similarity,-0.19314650991540397,0.19314650991540397
taobao,recency_frequency_disagreement,cooccurrence_support,0.3087773520771557,0.3087773520771557
taobao,recency_frequency_disagreement,transition_predictability,-0.06214954244831573,0.06214954244831573
taobao,preference_drift,recent_basket_novelty,0.41752044153506485,0.41752044153506485
taobao,preference_drift,popularity_profile,-0.18374967229319558,0.18374967229319558
taobao,preference_drift,frequency_popularity_alignment,-0.29937652249456653,0.29937652249456653
taobao,preference_drift,neighbor_similarity,-0.23484612653709938,0.23484612653709938
taobao,preference_drift,cooccurrence_support,-0.08678649903787908,0.08678649903787908
taobao,preference_drift,transition_predictability,-0.31589278944835447,0.31589278944835447
taobao,recent_basket_novelty,popularity_profile,-0.2032586365226746,0.2032586365226746
taobao,recent_basket_novelty,frequency_popularity_alignment,-0.2167712161240569,0.2167712161240569
taobao,recent_basket_novelty,neighbor_similarity,-0.2194413759199971,0.2194413759199971
taobao,recent_basket_novelty,cooccurrence_support,-0.053345264468118936,0.053345264468118936
taobao,recent_basket_novelty,transition_predictability,-0.4300598693450905,0.4300598693450905
taobao,popularity_profile,frequency_popularity_alignment,0.09274059230006435,0.09274059230006435
taobao,popularity_profile,neighbor_similarity,0.5991528187177396,0.5991528187177396
taobao,popularity_profile,cooccurrence_support,0.2247611954091789,0.2247611954091789
taobao,popularity_profile,transition_predictability,0.18180298603519524,0.18180298603519524
taobao,frequency_popularity_alignment,neighbor_similarity,0.5167019673653779,0.5167019673653779
taobao,frequency_popularity_alignment,cooccurrence_support,-0.0999040426910983,0.0999040426910983
taobao,frequency_popularity_alignment,transition_predictability,0.38365317382742553,0.38365317382742553
taobao,neighbor_similarity,cooccurrence_support,0.05305168002253149,0.05305168002253149
taobao,neighbor_similarity,transition_predictability,0.48938898228279026,0.48938898228279026
taobao,cooccurrence_support,transition_predictability,0.060506985459715695,0.060506985459715695
tmall,n_baskets,avg_basket_size,0.21073717203517958,0.21073717203517958
tmall,n_baskets,repeat_rate,0.29839358603418825,0.29839358603418825
tmall,n_baskets,item_entropy,-0.07808811681072111,0.07808811681072111
tmall,n_baskets,singleton_item_share,-0.2956440751598541,0.2956440751598541
tmall,n_baskets,adjacent_basket_jaccard,0.21989698065948232,0.21989698065948232
tmall,n_baskets,recency_frequency_disagreement,0.5400363842289447,0.5400363842289447
tmall,n_baskets,preference_drift,-0.15457180717834737,0.15457180717834737
tmall,n_baskets,recent_basket_novelty,-0.05462981587644143,0.05462981587644143
tmall,n_baskets,popularity_profile,-0.06739963912693768,0.06739963912693768
tmall,n_baskets,frequency_popularity_alignment,-0.07864606576754962,0.07864606576754962
tmall,n_baskets,neighbor_similarity,-0.0890909691443553,0.0890909691443553
tmall,n_baskets,cooccurrence_support,0.0312411496472969,0.0312411496472969
tmall,n_baskets,transition_predictability,0.004718904083259261,0.004718904083259261
tmall,avg_basket_size,repeat_rate,0.07467978970095245,0.07467978970095245
tmall,avg_basket_size,item_entropy,0.016120163815424263,0.016120163815424263
tmall,avg_basket_size,singleton_item_share,-0.07396244164278015,0.07396244164278015
tmall,avg_basket_size,adjacent_basket_jaccard,0.04652103448391687,0.04652103448391687
tmall,avg_basket_size,recency_frequency_disagreement,0.29675997449222213,0.29675997449222213
tmall,avg_basket_size,preference_drift,-0.0609316703516239,0.0609316703516239
tmall,avg_basket_size,recent_basket_novelty,-0.020395408051709352,0.020395408051709352
tmall,avg_basket_size,popularity_profile,-0.15343548782962038,0.15343548782962038
tmall,avg_basket_size,frequency_popularity_alignment,0.0030074256896959668,0.0030074256896959668
tmall,avg_basket_size,neighbor_similarity,-0.10136498440282313,0.10136498440282313
tmall,avg_basket_size,cooccurrence_support,0.25171990316590515,0.25171990316590515
tmall,avg_basket_size,transition_predictability,0.008864192959911773,0.008864192959911773
tmall,repeat_rate,item_entropy,-0.6967629882483934,0.6967629882483934
tmall,repeat_rate,singleton_item_share,-0.9994821991117956,0.9994821991117956
tmall,repeat_rate,adjacent_basket_jaccard,0.8735590828968725,0.8735590828968725
tmall,repeat_rate,recency_frequency_disagreement,0.15653371079133416,0.15653371079133416
tmall,repeat_rate,preference_drift,-0.5002897247112207,0.5002897247112207
tmall,repeat_rate,recent_basket_novelty,-0.5928289661672063,0.5928289661672063
tmall,repeat_rate,popularity_profile,0.10261830799048773,0.10261830799048773
tmall,repeat_rate,frequency_popularity_alignment,0.12048397579544805,0.12048397579544805
tmall,repeat_rate,neighbor_similarity,0.03716010030423365,0.03716010030423365
tmall,repeat_rate,cooccurrence_support,0.07017982683729443,0.07017982683729443
tmall,repeat_rate,transition_predictability,0.08620471543716912,0.08620471543716912
tmall,item_entropy,singleton_item_share,0.6962115874460347,0.6962115874460347
tmall,item_entropy,adjacent_basket_jaccard,-0.6074529760456285,0.6074529760456285
tmall,item_entropy,recency_frequency_disagreement,-0.022702949370907412,0.022702949370907412
tmall,item_entropy,preference_drift,0.4238413246520508,0.4238413246520508
tmall,item_entropy,recent_basket_novelty,0.4078472241461191,0.4078472241461191
tmall,item_entropy,popularity_profile,-0.09864277087445025,0.09864277087445025
tmall,item_entropy,frequency_popularity_alignment,-0.13033144907078684,0.13033144907078684
tmall,item_entropy,neighbor_similarity,-0.05034469028191569,0.05034469028191569
tmall,item_entropy,cooccurrence_support,-0.03620514300250359,0.03620514300250359
tmall,item_entropy,transition_predictability,-0.0624194262272425,0.0624194262272425
tmall,singleton_item_share,adjacent_basket_jaccard,-0.8722259052244078,0.8722259052244078
tmall,singleton_item_share,recency_frequency_disagreement,-0.1544236107433865,0.1544236107433865
tmall,singleton_item_share,preference_drift,0.49050964403286695,0.49050964403286695
tmall,singleton_item_share,recent_basket_novelty,0.5948288560180142,0.5948288560180142
tmall,singleton_item_share,popularity_profile,-0.1024739375919923,0.1024739375919923
tmall,singleton_item_share,frequency_popularity_alignment,-0.09159057219814667,0.09159057219814667
tmall,singleton_item_share,neighbor_similarity,-0.03671440695919581,0.03671440695919581
tmall,singleton_item_share,cooccurrence_support,-0.07065225673789322,0.07065225673789322
tmall,singleton_item_share,transition_predictability,-0.0854717341161972,0.0854717341161972
tmall,adjacent_basket_jaccard,recency_frequency_disagreement,0.09450793200569572,0.09450793200569572
tmall,adjacent_basket_jaccard,preference_drift,-0.27080772997927294,0.27080772997927294
tmall,adjacent_basket_jaccard,recent_basket_novelty,-0.514028229336831,0.514028229336831
tmall,adjacent_basket_jaccard,popularity_profile,0.10634418095710367,0.10634418095710367
tmall,adjacent_basket_jaccard,frequency_popularity_alignment,0.08814746963897238,0.08814746963897238
tmall,adjacent_basket_jaccard,neighbor_similarity,0.042764734803561924,0.042764734803561924
tmall,adjacent_basket_jaccard,cooccurrence_support,0.04388019159390716,0.04388019159390716
tmall,adjacent_basket_jaccard,transition_predictability,0.09019491838645433,0.09019491838645433
tmall,recency_frequency_disagreement,preference_drift,-0.15649245100936332,0.15649245100936332
tmall,recency_frequency_disagreement,recent_basket_novelty,0.0076701603778747095,0.0076701603778747095
tmall,recency_frequency_disagreement,popularity_profile,-0.07346622534469828,0.07346622534469828
tmall,recency_frequency_disagreement,frequency_popularity_alignment,-0.07903179403521624,0.07903179403521624
tmall,recency_frequency_disagreement,neighbor_similarity,-0.1639501102853392,0.1639501102853392
tmall,recency_frequency_disagreement,cooccurrence_support,0.11063612107900539,0.11063612107900539
tmall,recency_frequency_disagreement,transition_predictability,-0.025326498261042673,0.025326498261042673
tmall,preference_drift,recent_basket_novelty,0.19657128551402744,0.19657128551402744
tmall,preference_drift,popularity_profile,-0.07844780563659391,0.07844780563659391
tmall,preference_drift,frequency_popularity_alignment,-0.06099942484541081,0.06099942484541081
tmall,preference_drift,neighbor_similarity,-0.003165470644308329,0.003165470644308329
tmall,preference_drift,cooccurrence_support,-0.07273118808443334,0.07273118808443334
tmall,preference_drift,transition_predictability,-0.025319526538206762,0.025319526538206762
tmall,recent_basket_novelty,popularity_profile,-0.08474063140605818,0.08474063140605818
tmall,recent_basket_novelty,frequency_popularity_alignment,-0.010760438969543842,0.010760438969543842
tmall,recent_basket_novelty,neighbor_similarity,-0.024233362496648914,0.024233362496648914
tmall,recent_basket_novelty,cooccurrence_support,-0.02989868521432508,0.02989868521432508
tmall,recent_basket_novelty,transition_predictability,-0.14318443167364572,0.14318443167364572
tmall,popularity_profile,frequency_popularity_alignment,-0.04112039502734864,0.04112039502734864
tmall,popularity_profile,neighbor_similarity,0.6592062104542938,0.6592062104542938
tmall,popularity_profile,cooccurrence_support,0.34288387415892335,0.34288387415892335
tmall,popularity_profile,transition_predictability,0.08278191359787458,0.08278191359787458
tmall,frequency_popularity_alignment,neighbor_similarity,0.34568405946855485,0.34568405946855485
tmall,frequency_popularity_alignment,cooccurrence_support,-0.0025986301158534876,0.0025986301158534876
tmall,frequency_popularity_alignment,transition_predictability,0.17057602890281,0.17057602890281
tmall,neighbor_similarity,cooccurrence_support,0.2951560786753072,0.2951560786753072
tmall,neighbor_similarity,transition_predictability,0.26896842757783834,0.26896842757783834
tmall,cooccurrence_support,transition_predictability,0.07916506670275485,0.07916506670275485
valuedshopper,n_baskets,avg_basket_size,-0.009303405301162818,0.009303405301162818
valuedshopper,n_baskets,repeat_rate,0.07804011708470668,0.07804011708470668
valuedshopper,n_baskets,item_entropy,-0.07807396261251308,0.07807396261251308
valuedshopper,n_baskets,singleton_item_share,-0.059673842470468044,0.059673842470468044
valuedshopper,n_baskets,adjacent_basket_jaccard,-0.0029912349935677426,0.0029912349935677426
valuedshopper,n_baskets,recency_frequency_disagreement,0.027848507434252073,0.027848507434252073
valuedshopper,n_baskets,preference_drift,-0.03799010724603686,0.03799010724603686
valuedshopper,n_baskets,recent_basket_novelty,-0.04551932871379904,0.04551932871379904
valuedshopper,n_baskets,popularity_profile,0.04852569310973838,0.04852569310973838
valuedshopper,n_baskets,frequency_popularity_alignment,0.018805837597727595,0.018805837597727595
valuedshopper,n_baskets,neighbor_similarity,0.03636498788016134,0.03636498788016134
valuedshopper,n_baskets,cooccurrence_support,0.03954886325089687,0.03954886325089687
valuedshopper,n_baskets,transition_predictability,0.041654668233260424,0.041654668233260424
valuedshopper,avg_basket_size,repeat_rate,0.43588262209845396,0.43588262209845396
valuedshopper,avg_basket_size,item_entropy,-0.09405741044524402,0.09405741044524402
valuedshopper,avg_basket_size,singleton_item_share,-0.4849937191693345,0.4849937191693345
valuedshopper,avg_basket_size,adjacent_basket_jaccard,0.2052367976763931,0.2052367976763931
valuedshopper,avg_basket_size,recency_frequency_disagreement,0.4729254849288372,0.4729254849288372
valuedshopper,avg_basket_size,preference_drift,-0.4078475632016842,0.4078475632016842
valuedshopper,avg_basket_size,recent_basket_novelty,-0.24939088127162498,0.24939088127162498
valuedshopper,avg_basket_size,popularity_profile,0.1989358324655475,0.1989358324655475
valuedshopper,avg_basket_size,frequency_popularity_alignment,0.11541158423204338,0.11541158423204338
valuedshopper,avg_basket_size,neighbor_similarity,-0.014600693246943061,0.014600693246943061
valuedshopper,avg_basket_size,cooccurrence_support,0.10999869612193508,0.10999869612193508
valuedshopper,avg_basket_size,transition_predictability,0.06249840657755546,0.06249840657755546
valuedshopper,repeat_rate,item_entropy,-0.813837579332017,0.813837579332017
valuedshopper,repeat_rate,singleton_item_share,-0.9035499168129467,0.9035499168129467
valuedshopper,repeat_rate,adjacent_basket_jaccard,0.6868840532622298,0.6868840532622298
valuedshopper,repeat_rate,recency_frequency_disagreement,-0.06460986283035644,0.06460986283035644
valuedshopper,repeat_rate,preference_drift,-0.8855766276328917,0.8855766276328917
valuedshopper,repeat_rate,recent_basket_novelty,-0.5190855523349736,0.5190855523349736
valuedshopper,repeat_rate,popularity_profile,0.1989143918984354,0.1989143918984354
valuedshopper,repeat_rate,frequency_popularity_alignment,0.12217017608764562,0.12217017608764562
valuedshopper,repeat_rate,neighbor_similarity,0.18867759777951723,0.18867759777951723
valuedshopper,repeat_rate,cooccurrence_support,0.22621293625879954,0.22621293625879954
valuedshopper,repeat_rate,transition_predictability,0.15446927780324585,0.15446927780324585
valuedshopper,item_entropy,singleton_item_share,0.5383299619010296,0.5383299619010296
valuedshopper,item_entropy,adjacent_basket_jaccard,-0.8078291335070243,0.8078291335070243
valuedshopper,item_entropy,recency_frequency_disagreement,0.2351183076971791,0.2351183076971791
valuedshopper,item_entropy,preference_drift,0.7223812792546035,0.7223812792546035
valuedshopper,item_entropy,recent_basket_novelty,0.4160360361912681,0.4160360361912681
valuedshopper,item_entropy,popularity_profile,-0.11417312141778728,0.11417312141778728
valuedshopper,item_entropy,frequency_popularity_alignment,-0.12136250994131087,0.12136250994131087
valuedshopper,item_entropy,neighbor_similarity,-0.45087517364007695,0.45087517364007695
valuedshopper,item_entropy,cooccurrence_support,-0.20914640725890812,0.20914640725890812
valuedshopper,item_entropy,transition_predictability,-0.19133525175519633,0.19133525175519633
valuedshopper,singleton_item_share,adjacent_basket_jaccard,-0.46988655827683573,0.46988655827683573
valuedshopper,singleton_item_share,recency_frequency_disagreement,-0.01192556680343776,0.01192556680343776
valuedshopper,singleton_item_share,preference_drift,0.7973130988112229,0.7973130988112229
valuedshopper,singleton_item_share,recent_basket_novelty,0.49332313132306593,0.49332313132306593
valuedshopper,singleton_item_share,popularity_profile,-0.20845504144661678,0.20845504144661678
valuedshopper,singleton_item_share,frequency_popularity_alignment,-0.08972176242343949,0.08972176242343949
valuedshopper,singleton_item_share,neighbor_similarity,-0.00024307134352165262,0.00024307134352165262
valuedshopper,singleton_item_share,cooccurrence_support,-0.19741627153364172,0.19741627153364172
valuedshopper,singleton_item_share,transition_predictability,-0.10487619974443378,0.10487619974443378
valuedshopper,adjacent_basket_jaccard,recency_frequency_disagreement,-0.0908969627373133,0.0908969627373133
valuedshopper,adjacent_basket_jaccard,preference_drift,-0.5293770672007723,0.5293770672007723
valuedshopper,adjacent_basket_jaccard,recent_basket_novelty,-0.3411482869039188,0.3411482869039188
valuedshopper,adjacent_basket_jaccard,popularity_profile,0.11716952085620742,0.11716952085620742
valuedshopper,adjacent_basket_jaccard,frequency_popularity_alignment,0.09941729928173479,0.09941729928173479
valuedshopper,adjacent_basket_jaccard,neighbor_similarity,0.3975846162367585,0.3975846162367585
valuedshopper,adjacent_basket_jaccard,cooccurrence_support,0.176057047223856,0.176057047223856
valuedshopper,adjacent_basket_jaccard,transition_predictability,0.1669274144491505,0.1669274144491505
valuedshopper,recency_frequency_disagreement,preference_drift,0.07790063604729452,0.07790063604729452
valuedshopper,recency_frequency_disagreement,recent_basket_novelty,0.28960569193251956,0.28960569193251956
valuedshopper,recency_frequency_disagreement,popularity_profile,0.06372250658428256,0.06372250658428256
valuedshopper,recency_frequency_disagreement,frequency_popularity_alignment,0.015169896991136625,0.015169896991136625
valuedshopper,recency_frequency_disagreement,neighbor_similarity,-0.08116208886712994,0.08116208886712994
valuedshopper,recency_frequency_disagreement,cooccurrence_support,-0.0035230858900443538,0.0035230858900443538
valuedshopper,recency_frequency_disagreement,transition_predictability,-0.1340201383550502,0.1340201383550502
valuedshopper,preference_drift,recent_basket_novelty,0.48667602360920936,0.48667602360920936
valuedshopper,preference_drift,popularity_profile,-0.18819550834632412,0.18819550834632412
valuedshopper,preference_drift,frequency_popularity_alignment,-0.10990416691319624,0.10990416691319624
valuedshopper,preference_drift,neighbor_similarity,-0.1670010587192685,0.1670010587192685
valuedshopper,preference_drift,cooccurrence_support,-0.20648797088620355,0.20648797088620355
valuedshopper,preference_drift,transition_predictability,-0.14590938025954045,0.14590938025954045
valuedshopper,recent_basket_novelty,popularity_profile,-0.13876584767438974,0.13876584767438974
valuedshopper,recent_basket_novelty,frequency_popularity_alignment,-0.05720772933190764,0.05720772933190764
valuedshopper,recent_basket_novelty,neighbor_similarity,-0.11155247144983874,0.11155247144983874
valuedshopper,recent_basket_novelty,cooccurrence_support,-0.13534613350660257,0.13534613350660257
valuedshopper,recent_basket_novelty,transition_predictability,-0.3013503377314271,0.3013503377314271
valuedshopper,popularity_profile,frequency_popularity_alignment,0.24994697773576663,0.24994697773576663
valuedshopper,popularity_profile,neighbor_similarity,0.20885430280188225,0.20885430280188225
valuedshopper,popularity_profile,cooccurrence_support,0.8040459122446071,0.8040459122446071
valuedshopper,popularity_profile,transition_predictability,0.39257734434772523,0.39257734434772523
valuedshopper,frequency_popularity_alignment,neighbor_similarity,0.36504233609656933,0.36504233609656933
valuedshopper,frequency_popularity_alignment,cooccurrence_support,0.3502090946787767,0.3502090946787767
valuedshopper,frequency_popularity_alignment,transition_predictability,0.24010070905144798,0.24010070905144798
valuedshopper,neighbor_similarity,cooccurrence_support,0.40760434586616046,0.40760434586616046
valuedshopper,neighbor_similarity,transition_predictability,0.36406055402263565,0.36406055402263565
valuedshopper,cooccurrence_support,transition_predictability,0.4700280258263887,0.4700280258263887
