dataset,history_feature,target_feature,n_users,spearman,history_low_to_high_target_difference
dunnhumby,avg_basket_size,target_basket_size,10997,0.5043017243680685,10.7512505684402
dunnhumby,repeat_rate,target_repeat_fraction,10997,0.5014505641095386,0.452597727765478
dunnhumby,adjacent_basket_jaccard,target_last_jaccard,10997,0.3661018865394683,0.1131789760556308
dunnhumby,recent_basket_novelty,target_novelty_fraction,10997,0.3230691565341574,0.26506155214314014
dunnhumby,popularity_profile,target_popularity_profile,10997,0.250015529334985,0.10149292339371874
dunnhumby,neighbor_similarity,target_neighbor_support,10997,0.05160953968455054,0.05587480779411472
dunnhumby,transition_strength,target_transition_strength,10997,0.23747537886482128,0.007632216792306121
dunnhumby,relational_strength,target_relational_strength,10997,0.2305474628699019,0.01995085680972953
instacart,avg_basket_size,target_basket_size,10056,0.7043320211717883,14.561686074502761
instacart,repeat_rate,target_repeat_fraction,10056,0.5927069524845633,0.5067082755640442
instacart,adjacent_basket_jaccard,target_last_jaccard,10056,0.4733285516442344,0.2178628663175081
instacart,recent_basket_novelty,target_novelty_fraction,10056,0.4361769684204722,0.3520293232739817
instacart,popularity_profile,target_popularity_profile,10056,0.6502665180051244,0.14699457930782234
instacart,neighbor_similarity,target_neighbor_support,10056,0.5602124061611564,0.21671828286546507
instacart,transition_strength,target_transition_strength,10056,0.4224722089829742,0.052647488638944376
instacart,relational_strength,target_relational_strength,10056,0.39998555838799055,0.06424433590376474
sam,avg_basket_size,target_basket_size,8959,0.7240817949585042,7.077307736389025
sam,repeat_rate,target_repeat_fraction,8959,0.5194719177075529,0.5444553244506495
sam,adjacent_basket_jaccard,target_last_jaccard,8959,0.47936586251697927,0.4618408628945123
sam,recent_basket_novelty,target_novelty_fraction,8959,0.4233529437203066,0.41513783432479695
sam,popularity_profile,target_popularity_profile,8959,0.5398512903876233,0.3468016712590982
sam,neighbor_similarity,target_neighbor_support,8959,0.4208406763587184,0.2937690760476636
sam,transition_strength,target_transition_strength,8959,0.05162741379865342,0.03724938838032617
sam,relational_strength,target_relational_strength,8959,0.3584330853575172,0.056157216376558954
tafeng,avg_basket_size,target_basket_size,9924,0.4818856955154484,9.092824451605258
tafeng,repeat_rate,target_repeat_fraction,9924,0.3473216823852996,0.19054562654424054
tafeng,adjacent_basket_jaccard,target_last_jaccard,6825,0.20630490966508963,0.03204195406600799
tafeng,recent_basket_novelty,target_novelty_fraction,6825,0.23014964527890713,0.11887583606413954
tafeng,popularity_profile,target_popularity_profile,9924,0.33648235372959723,0.11992092865474968
tafeng,neighbor_similarity,target_neighbor_support,9924,0.010673157485555683,0.049710291130128176
tafeng,transition_strength,target_transition_strength,6825,-0.22920611534479252,-0.0042915454696307535
tafeng,relational_strength,target_relational_strength,9924,0.06588806571766899,0.010406194455330822
valuedshopper,avg_basket_size,target_basket_size,15150,0.5084025465642914,17.263083731730404
valuedshopper,repeat_rate,target_repeat_fraction,15150,0.40581303837238175,0.2880118737784607
valuedshopper,adjacent_basket_jaccard,target_last_jaccard,15150,0.39562994318535805,0.09237540562356857
valuedshopper,recent_basket_novelty,target_novelty_fraction,15150,0.23185585742332152,0.15785769224753537
valuedshopper,popularity_profile,target_popularity_profile,15150,0.37792768432607515,0.06890432506285837
valuedshopper,neighbor_similarity,target_neighbor_support,15150,0.3124934287667425,0.10974045221598877
valuedshopper,transition_strength,target_transition_strength,15150,0.3830068987234933,0.025629938807455083
valuedshopper,relational_strength,target_relational_strength,15150,0.30423571734979604,0.032946999479778236
