dataset,method_a,method_b,mean_delta,mean_decisive_rate,mean_conditional_a_win_rate,mean_tie_rate
dunnhumby,cbp,diffrec,0.014706198635292553,0.3932800473653049,0.5949638912817186,0.606719952634695
dunnhumby,dnntsp,cbp,-0.0408934321193358,0.4749111900532859,0.3707164664014843,0.525088809946714
dunnhumby,dnntsp,diffrec,-0.02618723348404324,0.47320899940793365,0.429566633209161,0.5267910005920663
dunnhumby,fpmc,cbp,-0.12810119222111296,0.5338217880402606,0.19174020642262127,0.46617821195973946
dunnhumby,fpmc,diffrec,-0.1133949935858204,0.5123593842510361,0.190087885345911,0.4876406157489639
dunnhumby,fpmc,dnntsp,-0.08720776010177717,0.4968176435760805,0.2539793651325227,0.5031823564239194
dunnhumby,fpmc,sets2sets,-0.04309970973170523,0.5034043812907045,0.3762751898760852,0.49659561870929547
dunnhumby,fpmc,triple2vec,-0.11646526731041858,0.5352279455298993,0.23103563825753493,0.46477205447010067
dunnhumby,frequency,cbp,-0.0007001092851735453,0.12714624037892244,0.4576338806842317,0.8728537596210776
dunnhumby,frequency,diffrec,0.014006089350119008,0.38536116044997043,0.5924378620929728,0.6146388395500296
dunnhumby,frequency,dnntsp,0.04019332283416225,0.4728389579632919,0.624088934072737,0.5271610420367081
dunnhumby,frequency,fpmc,0.1274010829359394,0.5323416222616933,0.8054892190232105,0.4676583777383067
dunnhumby,frequency,racf,-0.0027031429647089017,0.16111604499703966,0.45326797831980836,0.8388839550029603
dunnhumby,frequency,sets2sets,0.08430137320423418,0.5310834813499112,0.7036357915719537,0.46891651865008876
dunnhumby,frequency,tifuknn,0.004729156229486398,0.3703374777975133,0.5310196404447178,0.6296625222024868
dunnhumby,frequency,triple2vec,0.010935815625520845,0.3639727649496744,0.5784641162042732,0.6360272350503257
dunnhumby,racf,cbp,0.002003033679535356,0.19242155121373594,0.5103926127721582,0.8075784487862641
dunnhumby,racf,diffrec,0.01670923231482791,0.3892095914742451,0.6024630560016925,0.6107904085257548
dunnhumby,racf,dnntsp,0.04289646579887115,0.47135879218472465,0.6341092133777696,0.5286412078152752
dunnhumby,racf,fpmc,0.13010422590064832,0.5373741859088218,0.8069123235728014,0.46262581409117826
dunnhumby,racf,sets2sets,0.0870045161689431,0.5307134399052694,0.7078755248505995,0.46928656009473063
dunnhumby,racf,tifuknn,0.0074322991941952994,0.3687833037300177,0.543263880392581,0.6312166962699822
dunnhumby,racf,triple2vec,0.013638958590229747,0.3638247483718176,0.5925970860313573,0.6361752516281823
dunnhumby,recency,cbp,-0.09561498329570943,0.5088069863824748,0.22482257697000893,0.49119301361752515
dunnhumby,recency,diffrec,-0.08090878466041689,0.5071788040260509,0.26244439338209946,0.4928211959739491
dunnhumby,recency,dnntsp,-0.05472155117637364,0.5116193013617525,0.346861531180717,0.4883806986382475
dunnhumby,recency,fpmc,0.03248620892540353,0.4635879218472469,0.6056950970153023,0.5364120781527532
dunnhumby,recency,frequency,-0.09491487401053589,0.5056986382474837,0.2285313901356869,0.4943013617525163
dunnhumby,recency,racf,-0.09761801697524479,0.5167258732978094,0.2288246185681854,0.48327412670219067
dunnhumby,recency,sets2sets,-0.010613500806301697,0.5051065719360569,0.45670628006608255,0.4948934280639432
dunnhumby,recency,tifuknn,-0.09018571778104949,0.479869745411486,0.20355462531463575,0.5201302545885139
dunnhumby,recency,triple2vec,-0.08397905838501503,0.5142095914742452,0.2743085848946351,0.4857904085257549
dunnhumby,sets2sets,cbp,-0.08500148248940774,0.5330076968620485,0.29210992567910615,0.4669923031379515
dunnhumby,sets2sets,diffrec,-0.0702952838541152,0.5184280639431617,0.3163011825516056,0.4815719360568384
dunnhumby,sets2sets,dnntsp,-0.04410805037007195,0.4792776791000592,0.3653249353351516,0.5207223208999407
dunnhumby,tifuknn,cbp,-0.005429265514659945,0.36811722912966255,0.45895869748032964,0.6318827708703375
dunnhumby,tifuknn,diffrec,0.009276933120632607,0.4172587329780935,0.5519746764713905,0.5827412670219064
dunnhumby,tifuknn,dnntsp,0.03546416660467585,0.4739490822972173,0.6100339944340222,0.5260509177027827
dunnhumby,tifuknn,fpmc,0.122671926706453,0.5193901716992303,0.821943802751481,0.48060982830076976
dunnhumby,tifuknn,sets2sets,0.0795722169747478,0.5176139727649497,0.7059673120043076,0.48238602723505036
dunnhumby,tifuknn,triple2vec,0.0062066593960344455,0.41992303137951453,0.5325910397947494,0.5800769686204855
dunnhumby,triple2vec,cbp,-0.011635924910694389,0.3661190053285968,0.411538040416837,0.6338809946714031
dunnhumby,triple2vec,diffrec,0.0030702737245981615,0.44760213143872113,0.5089317728532537,0.5523978685612788
dunnhumby,triple2vec,dnntsp,0.02925750720864141,0.49082297217288334,0.5701443481512735,0.5091770278271167
dunnhumby,triple2vec,sets2sets,0.07336555757871334,0.5423327412670219,0.6655140088191782,0.45766725873297814
instacart,cbp,diffrec,0.08566775287567781,0.6953604914322664,0.6865336249791572,0.3046395085677336
instacart,dnntsp,cbp,-0.060441185145251874,0.6598771419333981,0.3409598295874379,0.340122858066602
instacart,dnntsp,diffrec,0.025226567730425944,0.7032816036210798,0.5535840459480856,0.29671839637892017
instacart,fpmc,cbp,-0.29754557116916674,0.7873423860329777,0.0962623005460514,0.2126576139670223
instacart,fpmc,diffrec,-0.21187781829348892,0.7102327837051406,0.12582798186780528,0.28976721629485935
instacart,fpmc,dnntsp,-0.23710438602391484,0.7491108955706434,0.13989281568163067,0.2508891044293566
instacart,fpmc,sets2sets,-0.16681394564883312,0.7332686711930165,0.2555142570544058,0.2667313288069835
instacart,fpmc,triple2vec,-0.25172446488899297,0.7567895247332687,0.1531309321817825,0.24321047526673134
instacart,frequency,cbp,0.0021739982846933686,0.2744099579696088,0.5263619569133744,0.7255900420303911
instacart,frequency,diffrec,0.08784175116037118,0.681700614290333,0.7020839767428843,0.318299385709667
instacart,frequency,dnntsp,0.06261518342994525,0.6572906563207243,0.6678461380151965,0.3427093436792758
instacart,frequency,fpmc,0.2997195694538601,0.7857258325250566,0.9085690057674755,0.2142741674749434
instacart,frequency,racf,-0.0012009865188814942,0.21257678629162624,0.48760141360094394,0.7874232137083738
instacart,frequency,sets2sets,0.132905623805027,0.7381183317167799,0.7372035515019327,0.2618816682832202
instacart,frequency,tifuknn,0.010390772193232417,0.4722761073391529,0.5627865262215603,0.5277238926608471
instacart,frequency,triple2vec,0.047995104564867073,0.48480439702554157,0.6698707377864724,0.5151956029744585
instacart,racf,cbp,0.0033749848035748626,0.32759456838021334,0.5248902914183136,0.6724054316197866
instacart,racf,diffrec,0.08904273767925268,0.677335919818946,0.7052981657996851,0.322664080181054
instacart,racf,dnntsp,0.06381616994882673,0.6578564500484966,0.6681759988673246,0.34214354995150337
instacart,racf,fpmc,0.3009205559727416,0.7866957646298092,0.9096228863359409,0.21330423537019075
instacart,racf,sets2sets,0.13410661032390847,0.7348852247009376,0.7420729725468326,0.2651147752990624
instacart,racf,tifuknn,0.011591758712113912,0.4826220497898481,0.5653339946321334,0.517377950210152
instacart,racf,triple2vec,0.04919609108374858,0.4998383446492079,0.6649826291857824,0.500161655350792
instacart,recency,cbp,-0.15156175866435032,0.7476559974135144,0.22951857578218174,0.2523440025864856
instacart,recency,diffrec,-0.06589400578867251,0.7134658907209829,0.35755157094678164,0.2865341092790171
instacart,recency,dnntsp,-0.09112057351909846,0.7510507597801487,0.32974672349156386,0.2489492402198513
instacart,recency,fpmc,0.1459838125048164,0.6811348205625606,0.7737738016062549,0.31886517943743936
instacart,recency,frequency,-0.1537357569490437,0.741108955706434,0.21814041963439276,0.25889104429356613
instacart,recency,racf,-0.1549367434679252,0.7463627546071775,0.21845298695044532,0.2536372453928225
instacart,recency,sets2sets,-0.020830133144016712,0.7472518590365341,0.4599771917665893,0.25274814096346593
instacart,recency,tifuknn,-0.14334498475581128,0.7110410604591012,0.22122099469019732,0.2889589395408988
instacart,recency,triple2vec,-0.10574065238417658,0.7198512770772713,0.30706293012790586,0.2801487229227288
instacart,sets2sets,cbp,-0.1307316255203336,0.7322179114128677,0.2602867701058352,0.2677820885871322
instacart,sets2sets,diffrec,-0.0450638726446558,0.7768347882314904,0.42651905346080304,0.22316521176850954
instacart,sets2sets,dnntsp,-0.07029044037508174,0.7474943420627223,0.37016628197284,0.2525056579372777
instacart,tifuknn,cbp,-0.008216773908539051,0.49498868412544456,0.44996277031190673,0.5050113158745554
instacart,tifuknn,diffrec,0.07745097896713876,0.6987552537989008,0.6592863976772549,0.30124474620109926
instacart,tifuknn,dnntsp,0.05222441123671282,0.6795182670546396,0.6176193624062866,0.3204817329453605
instacart,tifuknn,fpmc,0.28932879726062766,0.7783705140640156,0.8934628235412555,0.2216294859359845
instacart,tifuknn,sets2sets,0.12251485161179455,0.7279340446168768,0.7234243733787163,0.2720659553831232
instacart,tifuknn,triple2vec,0.03760433237163466,0.5193178144196573,0.6059843908761761,0.4806821855803427
instacart,triple2vec,cbp,-0.04582110628017371,0.47308438409311354,0.3358818132629886,0.5269156159068865
instacart,triple2vec,diffrec,0.039846646595504104,0.7124959586162302,0.5823124369846499,0.2875040413837698
instacart,triple2vec,dnntsp,0.014620078865078162,0.6681215648237956,0.5451151402907852,0.33187843517620436
instacart,triple2vec,sets2sets,0.0849105192401599,0.7010184287099902,0.6771388181972394,0.2989815712900097
retailrocket,cbp,diffrec,0.008037727855542935,0.052941176470588235,0.6444444444444445,0.9470588235294118
retailrocket,dnntsp,cbp,-0.4425208347787833,0.49411764705882355,0.02787216280853752,0.5058823529411764
retailrocket,dnntsp,diffrec,-0.4344831069232404,0.49411764705882355,0.03609647831809155,0.5058823529411764
retailrocket,fpmc,cbp,-0.09592709753645579,0.14705882352941177,0.09739739739739739,0.8529411764705882
retailrocket,fpmc,diffrec,-0.08788936968091286,0.15098039215686276,0.14368139600337743,0.8490196078431372
retailrocket,fpmc,dnntsp,0.34659373724232756,0.4372549019607843,0.9047665623369848,0.5627450980392157
retailrocket,fpmc,sets2sets,-0.09467884770441648,0.1411764705882353,0.08516081871345028,0.8588235294117648
retailrocket,fpmc,triple2vec,-0.09683893280922024,0.14705882352941177,0.06986986986986987,0.8529411764705882
retailrocket,frequency,cbp,0.0058379850453457215,0.0607843137254902,0.7344877344877346,0.9392156862745097
retailrocket,frequency,diffrec,0.013875712900888655,0.06666666666666667,0.7714285714285714,0.9333333333333332
retailrocket,frequency,dnntsp,0.44835881982412906,0.5019607843137255,0.9725956778165225,0.4980392156862745
retailrocket,frequency,fpmc,0.1017650825818015,0.15490196078431373,0.9329059829059828,0.8450980392156863
retailrocket,frequency,racf,0.0014163229091863517,0.049019607843137254,0.7154761904761905,0.9509803921568628
retailrocket,frequency,sets2sets,0.0070862348773850295,0.05882352941176471,0.6973304473304474,0.9411764705882354
retailrocket,frequency,tifuknn,0.0016026050597550317,0.056862745098039215,0.6794871794871794,0.9431372549019607
retailrocket,frequency,triple2vec,0.004926149772581275,0.06470588235294118,0.6582972582972583,0.9352941176470587
retailrocket,racf,cbp,0.004421662136159369,0.049019607843137254,0.5627705627705627,0.9509803921568628
retailrocket,racf,diffrec,0.012459389991702303,0.047058823529411764,0.6686507936507936,0.9529411764705883
retailrocket,racf,dnntsp,0.44694249691494276,0.5,0.9762973137973138,0.5
retailrocket,racf,fpmc,0.10034875967261515,0.14901960784313725,0.9287524366471734,0.8509803921568627
retailrocket,racf,sets2sets,0.005669911968198677,0.03333333333333333,0.5833333333333334,0.9666666666666667
retailrocket,racf,tifuknn,0.00018628215056867817,0.03333333333333333,0.47500000000000003,0.9666666666666667
retailrocket,racf,triple2vec,0.0035098268633949234,0.025490196078431376,0.47222222222222215,0.9745098039215686
retailrocket,recency,cbp,0.012067006483259722,0.06470588235294118,0.7888888888888889,0.9352941176470587
retailrocket,recency,diffrec,0.020104734338802655,0.0803921568627451,0.7542087542087542,0.9196078431372549
retailrocket,recency,dnntsp,0.45458784126204305,0.5078431372549019,0.9730726523665721,0.49215686274509807
retailrocket,recency,fpmc,0.1079941040197155,0.14901960784313725,0.9720588235294118,0.8509803921568627
retailrocket,recency,frequency,0.006229021437914001,0.027450980392156862,0.625,0.9725490196078431
retailrocket,recency,racf,0.007645344347100354,0.060784313725490195,0.7625661375661376,0.9392156862745097
retailrocket,recency,sets2sets,0.01331525631529903,0.05882352941176471,0.8016835016835017,0.9411764705882352
retailrocket,recency,tifuknn,0.007831626497669032,0.03725490196078431,0.9523809523809524,0.9627450980392157
retailrocket,recency,triple2vec,0.011155171210495278,0.06274509803921569,0.711965811965812,0.9372549019607842
retailrocket,sets2sets,cbp,-0.0012482498320393078,0.0392156862745098,0.4396825396825397,0.9607843137254902
retailrocket,sets2sets,diffrec,0.006789478023503627,0.054901960784313725,0.5572390572390572,0.9450980392156861
retailrocket,sets2sets,dnntsp,0.44127258494674404,0.5,0.9645673744056863,0.5
retailrocket,tifuknn,cbp,0.00423537998559069,0.041176470588235294,0.6190476190476191,0.9588235294117647
retailrocket,tifuknn,diffrec,0.012273107841133625,0.060784313725490195,0.6190476190476191,0.9392156862745097
retailrocket,tifuknn,dnntsp,0.44675621476437405,0.5,0.9764451062677676,0.5
retailrocket,tifuknn,fpmc,0.10016247752204649,0.1372549019607843,0.9701576576576576,0.8627450980392157
retailrocket,tifuknn,sets2sets,0.005483629817629998,0.03725490196078431,0.6,0.9627450980392157
retailrocket,tifuknn,triple2vec,0.003323544712826245,0.0392156862745098,0.4851851851851852,0.9607843137254902
retailrocket,triple2vec,cbp,0.0009118352727644459,0.041176470588235294,0.5714285714285714,0.9588235294117647
retailrocket,triple2vec,diffrec,0.008949563128307381,0.05882352941176471,0.6609427609427609,0.9411764705882352
retailrocket,triple2vec,dnntsp,0.4434326700515478,0.49411764705882355,0.9801305104604777,0.5058823529411764
retailrocket,triple2vec,sets2sets,0.002160085104803753,0.041176470588235294,0.6,0.9588235294117647
sam,cbp,diffrec,0.1589847481573424,0.4683704912089904,0.8080945581943038,0.5316295087910096
sam,dnntsp,cbp,-0.11453173035435331,0.46102954504259563,0.24233080668487414,0.5389704549574044
sam,dnntsp,diffrec,0.044453017802989075,0.46175457676273335,0.5517088847175851,0.5382454232372665
sam,fpmc,cbp,-0.23099744572523684,0.49003081384810593,0.04736126226313165,0.5099691861518941
sam,fpmc,diffrec,-0.07201269756789445,0.3573500090628965,0.202634434547579,0.6426499909371035
sam,fpmc,dnntsp,-0.11646571537088353,0.4036614101866957,0.17512386535032007,0.5963385898133043
sam,fpmc,sets2sets,-0.21877009670841432,0.47815841943085013,0.054396560987525495,0.5218415805691499
sam,fpmc,triple2vec,-0.22735400714585016,0.4854993655972449,0.05004526306180144,0.5145006344027552
sam,frequency,cbp,0.009566183161527715,0.23300706905927135,0.5693325444477284,0.7669929309407286
sam,frequency,diffrec,0.16855093131887008,0.4577669023019757,0.8424809348477655,0.5422330976980243
sam,frequency,dnntsp,0.12409791351588102,0.4753489215153163,0.7753391870374985,0.5246510784846837
sam,frequency,fpmc,0.24056362888676455,0.5002718868950516,0.9606431850936858,0.4997281131049483
sam,frequency,racf,-0.002159085402559524,0.15760377016494473,0.48843345360434925,0.8423962298350552
sam,frequency,sets2sets,0.021793532178350228,0.3039695486677542,0.6183890379696801,0.6960304513322457
sam,frequency,tifuknn,0.009901194599132431,0.2722494109117274,0.5867377796071123,0.7277505890882726
sam,frequency,triple2vec,0.013209621740914432,0.2629146275149538,0.594361111832782,0.7370853724850462
sam,racf,cbp,0.011725268564087241,0.23336958491934023,0.5803837500365373,0.7666304150806598
sam,racf,diffrec,0.17071001672142963,0.4597607395323546,0.8499079814249416,0.5402392604676455
sam,racf,dnntsp,0.12625699891844056,0.47253942359978246,0.778051190548941,0.5274605764002175
sam,racf,fpmc,0.2427227142893241,0.5019938372303788,0.9613546437767324,0.49800616276962123
sam,racf,sets2sets,0.02395261758090975,0.3027913721225304,0.6258056169748929,0.6972086278774697
sam,racf,tifuknn,0.012060280001691953,0.2677179626608664,0.6018846264035086,0.7322820373391336
sam,racf,triple2vec,0.015368707143473955,0.26001450063440273,0.6009375824418519,0.7399854993655972
sam,recency,cbp,-0.06310122092426862,0.4332064527823092,0.32629519666259094,0.5667935472176908
sam,recency,diffrec,0.09588352723307376,0.4633858981330434,0.6365498482168298,0.5366141018669567
sam,recency,dnntsp,0.05143050943008468,0.4669204277687149,0.5827901565422855,0.5330795722312851
sam,recency,fpmc,0.16789622480096822,0.4148087728838137,0.9159971066675423,0.5851912271161863
sam,recency,frequency,-0.07266740408579635,0.4086460032626427,0.27794465259623574,0.5913539967373572
sam,recency,racf,-0.07482648948835587,0.4280406017763277,0.28490915725152627,0.5719593982236723
sam,recency,sets2sets,-0.05087387190744611,0.4337502265724125,0.3605309470461134,0.5662497734275874
sam,recency,tifuknn,-0.06276620948666391,0.3595251042233098,0.292339174202988,0.6404748957766903
sam,recency,triple2vec,-0.05945778234488191,0.43329708174732645,0.3386815845352227,0.5667029182526736
sam,sets2sets,cbp,-0.012227349016822509,0.3180170382454232,0.42551263904560616,0.6819829617545768
sam,sets2sets,diffrec,0.14675739914051986,0.4920246510784847,0.748979244369156,0.5079753489215153
sam,sets2sets,dnntsp,0.1023043813375308,0.46048577125249235,0.7199372160683368,0.5395142287475077
sam,tifuknn,cbp,-0.00033501143760471513,0.27170563712162404,0.47477385419265133,0.7282943628783759
sam,tifuknn,diffrec,0.15864973671973767,0.4732644553199203,0.7862506938719966,0.5267355446800798
sam,tifuknn,dnntsp,0.1141967189167486,0.47362697117998914,0.7380622067551128,0.5263730288200109
sam,tifuknn,fpmc,0.2306624342876321,0.48060540148631503,0.9602174216927892,0.519394598513685
sam,tifuknn,sets2sets,0.011892337579217795,0.3270799347471452,0.5489748143641263,0.6729200652528547
sam,tifuknn,triple2vec,0.0033084271417820003,0.2794090991480877,0.500875015126812,0.7205909008519122
sam,triple2vec,cbp,-0.003643438579386716,0.2458763820917165,0.4692818225033825,0.7541236179082835
sam,triple2vec,diffrec,0.15534130957795567,0.48087728838136673,0.7821122761932774,0.5191227116186333
sam,triple2vec,dnntsp,0.11088829177496658,0.4633858981330434,0.7446502924479739,0.5366141018669567
sam,triple2vec,sets2sets,0.008583910437435794,0.3208265361609571,0.5538505543486518,0.6791734638390429
tafeng,cbp,diffrec,0.017721151488740653,0.2957688845241018,0.5376631274073427,0.7042311154758982
tafeng,dnntsp,cbp,-0.008433596593963115,0.28594811359358374,0.42930072471272407,0.7140518864064163
tafeng,dnntsp,diffrec,0.009287554894777538,0.2994516736230461,0.5139527478302162,0.700548326376954
tafeng,fpmc,cbp,-0.030972650434449897,0.24887470333087813,0.2534991236162472,0.7511252966691219
tafeng,fpmc,diffrec,-0.013251498945709242,0.2909403388165971,0.3862478926545056,0.7090596611834029
tafeng,fpmc,dnntsp,-0.022539053840486784,0.2257140518864064,0.3436193615285341,0.7742859481135936
tafeng,fpmc,sets2sets,-0.019494609992952747,0.21237417137245274,0.29266381825887566,0.7876258286275473
tafeng,fpmc,triple2vec,-0.01395618089731135,0.3186840166953106,0.3888549802273591,0.6813159833046895
tafeng,frequency,cbp,-0.008834764822456022,0.2942957688845241,0.5702602580987514,0.705704231115476
tafeng,frequency,diffrec,0.008886386666284633,0.2203126278746215,0.5748577861012708,0.7796873721253785
tafeng,frequency,dnntsp,-0.0004011682284929064,0.3276863900482854,0.526664637338662,0.6723136099517145
tafeng,frequency,fpmc,0.02213788561199388,0.3308781406007038,0.6295055440004682,0.6691218593992962
tafeng,frequency,racf,-0.0031659704956821188,0.144037973647598,0.4387252446180458,0.8559620263524019
tafeng,frequency,sets2sets,0.0026432756190411283,0.32195760700548326,0.5461324702384519,0.6780423929945169
tafeng,frequency,tifuknn,0.011054765961437748,0.19993452819379653,0.551629313240277,0.8000654718062035
tafeng,frequency,triple2vec,0.008181704714682526,0.20623618954087897,0.5847988673910377,0.793763810459121
tafeng,racf,cbp,-0.0056687943267739035,0.2893035436615108,0.5757850401396336,0.7106964563384892
tafeng,racf,diffrec,0.012052357161966752,0.21188313282592683,0.6164555833511048,0.7881168671740731
tafeng,racf,dnntsp,0.0027648022671892124,0.32441279973811277,0.542395454890365,0.6755872002618872
tafeng,racf,fpmc,0.025303856107675993,0.32858662738358296,0.6437487917476268,0.6714133726164171
tafeng,racf,sets2sets,0.005809246114723248,0.3250675178001473,0.565762845562252,0.6749324821998527
tafeng,racf,tifuknn,0.014220736457119867,0.2050085931745642,0.575237101774248,0.7949914068254357
tafeng,racf,triple2vec,0.011347675210364644,0.21049185694410344,0.6172034819297648,0.7895081430558966
tafeng,recency,cbp,-0.03580640980075201,0.3205663311236599,0.4107702666261898,0.6794336688763402
tafeng,recency,diffrec,-0.018085258312011358,0.25943203208118504,0.4312027921626784,0.740567967918815
tafeng,recency,dnntsp,-0.027372813206788898,0.3278500695637941,0.4393546129198839,0.672149930436206
tafeng,recency,fpmc,-0.004833759366302114,0.31500122759636634,0.5581696447983467,0.6849987724036337
tafeng,recency,frequency,-0.02697164497829599,0.20893690154677144,0.341679898163995,0.7910630984532285
tafeng,recency,racf,-0.03013761547397811,0.25476716588918896,0.3477864999292291,0.7452328341108111
tafeng,recency,sets2sets,-0.02432836935925486,0.319829773303871,0.46795493140040484,0.6801702266961289
tafeng,recency,tifuknn,-0.015916879016858242,0.18790408380391196,0.3863121935535729,0.8120959161960881
tafeng,recency,triple2vec,-0.018789940263613462,0.26516081512398726,0.43721437056949436,0.7348391848760127
tafeng,sets2sets,cbp,-0.011478040441497148,0.2627056223913577,0.4160169819124462,0.7372943776086424
tafeng,sets2sets,diffrec,0.006243111047243503,0.2893035436615108,0.4904704373442597,0.7106964563384892
tafeng,sets2sets,dnntsp,-0.003044443847534035,0.24895654308863246,0.48905511400448365,0.7510434569113675
tafeng,tifuknn,cbp,-0.01988953078389377,0.30829036746051236,0.5338048991515093,0.6917096325394877
tafeng,tifuknn,diffrec,-0.0021683792951531157,0.254521646615926,0.529719030250052,0.745478353384074
tafeng,tifuknn,dnntsp,-0.011455934189930655,0.3389802766183812,0.4975568969475143,0.6610197233816187
tafeng,tifuknn,fpmc,0.01108311965055613,0.33717980194778624,0.6002602054666342,0.6628201980522138
tafeng,tifuknn,sets2sets,-0.00841149034239662,0.34307226450609707,0.5239569470592089,0.6569277354939029
tafeng,tifuknn,triple2vec,-0.002873061246755222,0.2257140518864064,0.5452424501771005,0.7742859481135936
tafeng,triple2vec,cbp,-0.01701646953713855,0.28586627383582947,0.5094483896056641,0.7141337261641706
tafeng,triple2vec,diffrec,0.0007046819516021064,0.25304853097634833,0.486952386686349,0.7469514690236516
tafeng,triple2vec,dnntsp,-0.008582872943175432,0.32400360094934116,0.48889230063110817,0.6759963990506588
tafeng,triple2vec,sets2sets,-0.005538429095641398,0.3240854407070955,0.5079754479754479,0.6759145592929044
taobao,cbp,diffrec,-0.007301312575204139,0.04209970054606307,0.46871397336513615,0.9579002994539371
taobao,dnntsp,cbp,0.005396926562775056,0.04239328283717927,0.4790756385583972,0.9576067171628208
taobao,dnntsp,diffrec,-0.0019043860124290828,0.008396453525923317,0.11581162288913854,0.9916035464740767
taobao,fpmc,cbp,-0.0027636055744731415,0.03945745992601726,0.3761251897255235,0.9605425400739828
taobao,fpmc,diffrec,-0.010064918149677282,0.016792907051846634,0.07026297621289147,0.9832070929481533
taobao,fpmc,dnntsp,-0.008160532137248199,0.011038694145969115,0.14439781616688396,0.9889613058540309
taobao,fpmc,sets2sets,-0.011906975579422488,0.02066819329458047,0.03167231805002702,0.9793318067054195
taobao,fpmc,triple2vec,0.007219410422745758,0.054371440314720215,0.4972348686818971,0.9456285596852797
taobao,frequency,cbp,-0.004264751198267607,0.02548294286888615,0.4517376966007103,0.9745170571311138
taobao,frequency,diffrec,-0.011566063773471746,0.05161176677822794,0.4495619957011127,0.9483882332217721
taobao,frequency,dnntsp,-0.009661677761042665,0.05255123010979978,0.4795799119120166,0.9474487698902002
taobao,frequency,fpmc,-0.0015011456237944661,0.04908695907462862,0.5613060024358024,0.9509130409253714
taobao,frequency,racf,-0.005217062148362084,0.014091949973577595,0.3346149323927102,0.9859080500264223
taobao,frequency,sets2sets,-0.013408121203216952,0.052609946568023015,0.4397626023589512,0.947390053431977
taobao,frequency,tifuknn,-0.0101675646742608,0.035699606599729906,0.34687063679229163,0.9643003934002702
taobao,frequency,triple2vec,0.005718264798951292,0.029769244319182667,0.6165352501803156,0.9702307556808174
taobao,racf,cbp,0.0009523109500944762,0.017027772884739594,0.5672087172087172,0.9829722271152604
taobao,racf,diffrec,-0.006349001625109663,0.04386119429276026,0.4988811353876985,0.9561388057072397
taobao,racf,dnntsp,-0.00444461561268058,0.045211672831894784,0.5377974152619797,0.9547883271681052
taobao,racf,fpmc,0.003715916524567618,0.04239328283717927,0.6372031334078873,0.9576067171628208
taobao,racf,sets2sets,-0.00819105905485487,0.04515295637367154,0.4860860482233306,0.9548470436263284
taobao,racf,tifuknn,-0.004950502525898718,0.030708707650754508,0.39086355775289316,0.9692912923492455
taobao,racf,triple2vec,0.010935326947313377,0.03370324702013974,0.6621512916597783,0.9662967529798602
taobao,recency,cbp,-0.009068217381088024,0.05313839469203218,0.4329477825600669,0.9468616053079678
taobao,recency,diffrec,-0.016369529956292164,0.07656626152310493,0.4259129169944174,0.923433738476895
taobao,recency,dnntsp,-0.01446514394386308,0.07439375256884505,0.45655043299767106,0.9256062474311549
taobao,recency,fpmc,-0.006304611806614884,0.06640831425048442,0.5126951898101838,0.9335916857495157
taobao,recency,frequency,-0.004803466182820418,0.05026128823909342,0.4622579037059255,0.9497387117609066
taobao,recency,racf,-0.0100205283311825,0.053608126357818094,0.4252011256172638,0.9463918736421819
taobao,recency,sets2sets,-0.01821158738603737,0.07791674006223943,0.413816905916818,0.9220832599377605
taobao,recency,tifuknn,-0.014971030857081217,0.031413305149433385,0.28519032350722157,0.9685866948505666
taobao,recency,triple2vec,0.0009147986161308751,0.04938054136574482,0.5222554403527676,0.9506194586342552
taobao,sets2sets,cbp,0.009143370004949344,0.04386119429276026,0.559760459832406,0.9561388057072397
taobao,sets2sets,diffrec,0.0018420574297452052,0.011214843520638835,0.7184628237259817,0.9887851564793612
taobao,sets2sets,dnntsp,0.0037464434421742875,0.012154306852210675,0.9761582700713136,0.9878456931477894
taobao,tifuknn,cbp,0.005902813475993193,0.02994539369385239,0.6353222873624479,0.9700546063061477
taobao,tifuknn,diffrec,-0.001398499099210946,0.057424696142328695,0.5366674441499047,0.9425753038576713
taobao,tifuknn,dnntsp,0.0005058869132181371,0.05578063531207798,0.5753372284526703,0.944219364687922
taobao,tifuknn,fpmc,0.008666419050466336,0.05190534906934414,0.6587904139706612,0.9480946509306558
taobao,tifuknn,sets2sets,-0.0032405565289561505,0.058716458223239974,0.5196954143637592,0.9412835417767601
taobao,tifuknn,triple2vec,0.015885829473212095,0.03722623451353415,0.7263415997101829,0.9627737654864658
taobao,triple2vec,cbp,-0.0099830159972189,0.030356408901415066,0.3633954368444193,0.9696435910985849
taobao,triple2vec,diffrec,-0.01728432857242304,0.05953848863836533,0.39957334477963147,0.9404615113616347
taobao,triple2vec,dnntsp,-0.015379942559993956,0.05906875697257941,0.43382530092300203,0.9409312430274205
taobao,triple2vec,sets2sets,-0.019126386002168247,0.06153484821795549,0.38080884688159955,0.9384651517820446
tmall,cbp,diffrec,0.0024198442030944935,0.019893048128342247,0.7087557220141489,0.9801069518716577
tmall,dnntsp,cbp,-0.00046302531370806874,0.02795008912655972,0.48613288052943227,0.9720499108734403
tmall,dnntsp,diffrec,0.0019568188893864247,0.025098039215686273,0.598477835478287,0.9749019607843138
tmall,fpmc,cbp,-0.005071587143344596,0.022459893048128343,0.15160075575333906,0.9775401069518717
tmall,fpmc,diffrec,-0.0026517429402501025,0.013333333333333334,0.19213695830611255,0.9866666666666667
tmall,fpmc,dnntsp,-0.004608561829636528,0.02096256684491979,0.19383668872287133,0.9790374331550802
tmall,fpmc,sets2sets,-0.005171538143476924,0.021319073083778967,0.12514864200257458,0.978680926916221
tmall,fpmc,triple2vec,-0.00580680636317368,0.02181818181818182,0.13323643502605523,0.9781818181818182
tmall,frequency,cbp,0.0004579340853661169,0.017967914438502677,0.5573667073667073,0.9820320855614973
tmall,frequency,diffrec,0.0028777782884606105,0.015329768270944741,0.8211102622867328,0.9846702317290553
tmall,frequency,dnntsp,0.0009209593990741859,0.0285204991087344,0.525359809127992,0.9714795008912657
tmall,frequency,fpmc,0.0055295212287107135,0.02089126559714795,0.8723675269283597,0.9791087344028521
tmall,frequency,racf,0.0010958398426502175,0.018395721925133692,0.6421133938525243,0.9816042780748663
tmall,frequency,sets2sets,0.0003579830852337897,0.008484848484848486,0.7269476372924649,0.9915151515151516
tmall,frequency,tifuknn,-0.0008344317239215495,0.020178253119429588,0.4413722625866554,0.9798217468805704
tmall,frequency,triple2vec,-0.0002772851344629667,0.018395721925133692,0.4805483045183419,0.9816042780748663
tmall,racf,cbp,-0.0006379057572841006,0.015115864527629233,0.418499203244966,0.9848841354723707
tmall,racf,diffrec,0.001781938445810393,0.019750445632798572,0.669815668202765,0.9802495543672015
tmall,racf,dnntsp,-0.00017488044357603181,0.02837789661319073,0.4920365621551152,0.9716221033868093
tmall,racf,fpmc,0.004433681386060495,0.021532976827094475,0.8454280029196788,0.9784670231729056
tmall,racf,sets2sets,-0.0007378567574164279,0.015828877005347592,0.4165221180146553,0.9841711229946525
tmall,racf,tifuknn,-0.001930271566571767,0.01967914438502674,0.31547619047619047,0.9803208556149733
tmall,racf,triple2vec,-0.0013731249771131843,0.018110516934046344,0.34229771567232864,0.9818894830659537
tmall,recency,cbp,0.002307379288580375,0.02360071301247772,0.6657067341116678,0.9763992869875223
tmall,recency,diffrec,0.004727223491674869,0.02374331550802139,0.7379994526546252,0.9762566844919786
tmall,recency,dnntsp,0.0027704046022884437,0.030303030303030304,0.5734958449221822,0.9696969696969697
tmall,recency,fpmc,0.007378966431924971,0.024171122994652405,0.8941143713102476,0.9758288770053477
tmall,recency,frequency,0.0018494452032142578,0.01967914438502674,0.6238782381639525,0.9803208556149733
tmall,recency,racf,0.0029452850458644747,0.023814616755793227,0.6801298445799725,0.9761853832442068
tmall,recency,sets2sets,0.0022074282884480476,0.02253119429590018,0.6592057519497478,0.9774688057040999
tmall,recency,tifuknn,0.0010150134792927081,0.014402852049910873,0.6915554414221029,0.9855971479500892
tmall,recency,triple2vec,0.0015721600687512913,0.01647058823529412,0.7262439951047547,0.9835294117647059
tmall,sets2sets,cbp,9.99510001323273e-05,0.015258467023172906,0.478030303030303,0.9847415329768271
tmall,sets2sets,diffrec,0.0025197952032268212,0.01590017825311943,0.7951648351648352,0.9840998217468805
tmall,sets2sets,dnntsp,0.0005629763138403962,0.028591800356506242,0.5325072388813246,0.9714081996434937
tmall,tifuknn,cbp,0.0012923658092876666,0.01982174688057041,0.5998630998630999,0.9801782531194295
tmall,tifuknn,diffrec,0.0037122100123821605,0.021746880570409983,0.7364057239057239,0.9782531194295899
tmall,tifuknn,dnntsp,0.0017553911229957356,0.0285204991087344,0.5586162131519274,0.9714795008912657
tmall,tifuknn,fpmc,0.006363952952632263,0.023814616755793227,0.8807792713812587,0.9761853832442068
tmall,tifuknn,sets2sets,0.0011924148091553395,0.018680926916221034,0.6071211833011784,0.981319073083779
tmall,tifuknn,triple2vec,0.0005571465894585831,0.013975044563279857,0.6222686251920123,0.9860249554367201
tmall,triple2vec,cbp,0.0007352192198290837,0.015971479500891266,0.6020325203252033,0.9840285204991087
tmall,triple2vec,diffrec,0.0031550634229235777,0.019893048128342247,0.7204301075268816,0.9801069518716577
tmall,triple2vec,dnntsp,0.0011982445335371524,0.028591800356506242,0.5187601407305711,0.9714081996434937
tmall,triple2vec,sets2sets,0.0006352682196967564,0.016114081996434937,0.5901551003272443,0.9838859180035651
valuedshopper,cbp,diffrec,0.017842901568505872,0.5273039373457783,0.5699576820588202,0.47269606265422165
valuedshopper,dnntsp,cbp,-0.017023359451847995,0.5845402853771055,0.45084583542009443,0.4154597146228945
valuedshopper,dnntsp,diffrec,0.00081954211665788,0.5781032078103209,0.5065669646483562,0.42189679218967924
valuedshopper,fpmc,cbp,-0.12391447014647931,0.65127132281944,0.2473793177506299,0.34872867718056
valuedshopper,fpmc,diffrec,-0.10607156857797344,0.6037442334513464,0.23200167530500435,0.39625576654865363
valuedshopper,fpmc,dnntsp,-0.10689111069463131,0.6209097736294389,0.25974814365193377,0.3790902263705611
valuedshopper,fpmc,sets2sets,-0.04523781522483611,0.5922647784572471,0.383443940185857,0.40773522154275293
valuedshopper,fpmc,triple2vec,-0.13311615523865852,0.6583521081429031,0.24439621449188997,0.3416478918570969
valuedshopper,frequency,cbp,-0.002212805160984868,0.19804741980474197,0.45137424493502865,0.8019525801952581
valuedshopper,frequency,diffrec,0.015630096407521006,0.5147516360905482,0.5645593150614987,0.48524836390945175
valuedshopper,frequency,dnntsp,0.014810554290863127,0.5817508850981654,0.542547742163591,0.4182491149018346
valuedshopper,frequency,fpmc,0.12170166498549444,0.6473554339663127,0.7493767530666525,0.3526445660336874
valuedshopper,frequency,racf,-0.001967972254398958,0.18984014590709153,0.4593820723960366,0.8101598540929085
valuedshopper,frequency,sets2sets,0.07646384976065833,0.6365196867288917,0.6769965911302487,0.36348031327110825
valuedshopper,frequency,tifuknn,-0.016698862688599794,0.46824375067052887,0.425974123283347,0.5317562493294711
valuedshopper,frequency,triple2vec,-0.011414490253164072,0.4238815577727712,0.4328777343800265,0.5761184422272289
valuedshopper,racf,cbp,-0.00024483290658590986,0.24434073597253514,0.496683653097836,0.7556592640274649
valuedshopper,racf,diffrec,0.017598068661919965,0.5144834245252655,0.5731207302619127,0.4855165754747344
valuedshopper,racf,dnntsp,0.016778526545262084,0.5841111468726532,0.5488035859836934,0.41588885312734686
valuedshopper,racf,fpmc,0.1236696372398934,0.6508421843149876,0.7553259602682306,0.34915781568501236
valuedshopper,racf,sets2sets,0.07843182201505729,0.637538890676966,0.6822881374785732,0.36246110932303405
valuedshopper,racf,tifuknn,-0.014730890434200833,0.4689411007402639,0.4336790029806367,0.5310588992597362
valuedshopper,racf,triple2vec,-0.009446517998765114,0.42967492758287734,0.4450237624531029,0.5703250724171226
valuedshopper,recency,cbp,-0.125779549270798,0.6374316060508529,0.21143070183206536,0.3625683939491471
valuedshopper,recency,diffrec,-0.10793664770229211,0.6242892393520009,0.2368992608471839,0.3757107606479992
valuedshopper,recency,dnntsp,-0.10875618981895001,0.6379680291814184,0.26002770209653625,0.3620319708185817
valuedshopper,recency,fpmc,-0.0018650791243186862,0.5712906340521403,0.4976723828822431,0.42870936594785963
valuedshopper,recency,frequency,-0.12356674410981312,0.6335157171977256,0.21233691806109625,0.36648428280227446
valuedshopper,recency,racf,-0.1255347163642121,0.6372706791116833,0.212784577204149,0.36272932088831666
valuedshopper,recency,sets2sets,-0.047102894349154795,0.6070700568608518,0.380395695912501,0.39292994313914814
valuedshopper,recency,tifuknn,-0.14026560679841293,0.6309945284840682,0.17721950574138734,0.3690054715159317
valuedshopper,recency,triple2vec,-0.13498123436297718,0.6433322604870723,0.2042478754090744,0.3566677395129278
valuedshopper,sets2sets,cbp,-0.07867665492164319,0.6378071022422487,0.3181153206332185,0.3621928977577513
valuedshopper,sets2sets,diffrec,-0.06083375335313732,0.6167256732110289,0.34900416738350676,0.3832743267889711
valuedshopper,sets2sets,dnntsp,-0.0616532954697952,0.6004720523548975,0.3265984740822535,0.3995279476451025
valuedshopper,tifuknn,cbp,0.014486057527614922,0.4666344812788328,0.5695633350220408,0.5333655187211672
valuedshopper,tifuknn,diffrec,0.032328959096120796,0.5641562064156206,0.6077188593297272,0.43584379358437936
valuedshopper,tifuknn,dnntsp,0.03150941697946291,0.5653363373028645,0.5974967602798787,0.43466366269713547
valuedshopper,tifuknn,fpmc,0.13840052767409425,0.644405106748203,0.778137562717979,0.355594893251797
valuedshopper,tifuknn,sets2sets,0.09316271244925811,0.6199978543074777,0.7269051599378954,0.3800021456925222
valuedshopper,tifuknn,triple2vec,0.005284372435435718,0.4151378607445553,0.5200890313152992,0.5848621392554447
valuedshopper,triple2vec,cbp,0.009201685092179205,0.42495440403390194,0.5583604896613246,0.575045595966098
valuedshopper,triple2vec,diffrec,0.027044586660685075,0.5683403068340307,0.5894969969701905,0.4316596931659693
valuedshopper,triple2vec,dnntsp,0.026225044544027198,0.5735972535135715,0.5754328585504201,0.42640274648642845
valuedshopper,triple2vec,sets2sets,0.08787834001382239,0.6285269820834675,0.7085555847292507,0.3714730179165326
