dataset,keyset,method_a,method_b,mean_delta,median_delta,p10_delta,p90_delta,a_better_share,b_better_share,tie_share,two_sided_share
dunnhumby,0,recency,frequency,-0.0911866176120294,0.0,-0.3868528072345415,0.0444061620977195,0.11545293072824156,0.38565719360568385,0.4988898756660746,0.11545293072824156
dunnhumby,0,recency,racf,-0.09450162270488333,0.0,-0.3868528072345415,0.04440616209771952,0.11656305506216696,0.39431616341030196,0.4891207815275311,0.11656305506216696
dunnhumby,0,recency,tifuknn,-0.0895417055330362,0.0,-0.3626719580677178,0.0,0.09502664298401421,0.3774422735346359,0.5275310834813499,0.09502664298401421
dunnhumby,0,recency,triple2vec,-0.08248317638980444,0.0,-0.3868528072345415,0.1251739405390885,0.1405417406749556,0.3705595026642984,0.488898756660746,0.1405417406749556
dunnhumby,0,recency,sets2sets,-0.010767475907507968,0.0,-0.2960819109658651,0.2346393630113783,0.22824156305506216,0.2706483126110124,0.5011101243339254,0.22824156305506216
dunnhumby,0,recency,dnntsp,-0.06023490356874458,0.0,-0.36267195806771774,0.169580102636808,0.17095914742451154,0.34347246891651867,0.4855683836589698,0.17095914742451154
dunnhumby,0,frequency,racf,-0.0033150050928539058,0.0,0.0,0.0,0.06838365896980461,0.09125222024866785,0.8403641207815276,0.06838365896980461
dunnhumby,0,frequency,tifuknn,0.0016449120789932192,0.0,-0.13120507751234178,0.13120507751234178,0.18872113676731794,0.1827264653641208,0.6285523978685613,0.1827264653641208
dunnhumby,0,frequency,triple2vec,0.008703441222224967,0.0,-0.10490371433489717,0.14407766125137167,0.20603907637655416,0.15674955595026643,0.6372113676731794,0.15674955595026643
dunnhumby,0,frequency,sets2sets,0.08041914170452144,0.0,-0.1460683498427064,0.3903800499921016,0.37233570159857904,0.15763765541740674,0.4700266429840142,0.15763765541740674
dunnhumby,0,frequency,dnntsp,0.030951714043284822,0.0,-0.1460683498427064,0.22629438553091685,0.277753108348135,0.1902753108348135,0.5319715808170515,0.1902753108348135
dunnhumby,0,racf,tifuknn,0.0049599171718471245,0.0,-0.1312050775123417,0.14286552673679725,0.1933836589698046,0.17650976909413854,0.6301065719360568,0.17650976909413854
dunnhumby,0,racf,triple2vec,0.012018446315078873,0.0,-0.09720320604587734,0.14606834984270645,0.2144760213143872,0.15408525754884547,0.6314387211367674,0.15408525754884547
dunnhumby,0,racf,sets2sets,0.08373414679737534,0.0,-0.1460683498427064,0.3903800499921017,0.3752220248667851,0.1558614564831261,0.4689165186500888,0.1558614564831261
dunnhumby,0,racf,dnntsp,0.03426671913613873,0.0,-0.1460683498427064,0.22629438553091685,0.2839698046181172,0.18339253996447602,0.5326376554174067,0.18339253996447602
dunnhumby,0,tifuknn,triple2vec,0.007058529143231748,0.0,-0.1460683498427064,0.169580102636808,0.227797513321492,0.1922735346358792,0.5799289520426287,0.1922735346358792
dunnhumby,0,tifuknn,sets2sets,0.07877422962552823,0.0,-0.13120507751234178,0.3835663673713355,0.3647868561278863,0.15519538188277088,0.4800177619893428,0.15519538188277088
dunnhumby,0,tifuknn,dnntsp,0.029306801964291605,0.0,-0.1460683498427065,0.22629438553091685,0.28063943161634103,0.19738010657193605,0.5219804618117229,0.19738010657193605
dunnhumby,0,triple2vec,sets2sets,0.07171570048229647,0.0,-0.169580102636808,0.3903800499921016,0.3654529307282416,0.1802841918294849,0.45426287744227356,0.1802841918294849
dunnhumby,0,triple2vec,dnntsp,0.02224827282105986,0.0,-0.169580102636808,0.21398626473452764,0.26687388987566607,0.21758436944937834,0.5155417406749556,0.21758436944937834
dunnhumby,0,sets2sets,dnntsp,-0.04946742766123662,0.0,-0.3391602052736161,0.1681275362711174,0.17739786856127887,0.31993783303730017,0.5026642984014209,0.17739786856127887
dunnhumby,1,recency,frequency,-0.09701001729641269,0.0,-0.3868528072345415,0.03837502512446622,0.10990230905861456,0.3914298401420959,0.49866785079928955,0.10990230905861456
dunnhumby,1,recency,racf,-0.0998216633206887,0.0,-0.38685280723454163,0.03837502512446633,0.11323268206039076,0.402753108348135,0.48401420959147423,0.11323268206039076
dunnhumby,1,recency,tifuknn,-0.09019741295523802,0.0,-0.3600546145772339,0.0,0.09524866785079929,0.38787744227353466,0.5168738898756661,0.09524866785079929
dunnhumby,1,recency,triple2vec,-0.08540816764918385,0.0,-0.3868528072345415,0.12312616259115847,0.13654529307282415,0.37766429840142096,0.4857904085257549,0.13654529307282415
dunnhumby,1,recency,sets2sets,-0.01116811169011431,0.0,-0.2960819109658651,0.2463023887407299,0.23312611012433393,0.2768650088809947,0.4900088809946714,0.23312611012433393
dunnhumby,1,recency,dnntsp,-0.04687607243557818,0.0,-0.3391602052736161,0.16958010263680817,0.18872113676731794,0.325044404973357,0.48623445825932504,0.18872113676731794
dunnhumby,1,frequency,racf,-0.0028116460242760184,0.0,0.0,0.0,0.07504440497335702,0.08725577264653642,0.8376998223801065,0.07504440497335702
dunnhumby,1,frequency,tifuknn,0.006812604341174682,0.0,-0.1312050775123417,0.14003721286945325,0.2002664298401421,0.17118117229129662,0.6285523978685613,0.17118117229129662
dunnhumby,1,frequency,triple2vec,0.011601849647228836,0.0,-0.08278118722218586,0.14606834984270645,0.2144760213143872,0.1514209591474245,0.6341030195381883,0.1514209591474245
dunnhumby,1,frequency,sets2sets,0.08584190560629838,0.0,-0.1460683498427064,0.40707812016543726,0.37366785079928955,0.1625222024866785,0.463809946714032,0.1625222024866785
dunnhumby,1,frequency,dnntsp,0.050133944860834515,0.0,-0.1312050775123417,0.3007851801491498,0.32015985790408524,0.16341030195381884,0.5164298401420959,0.16341030195381884
dunnhumby,1,racf,tifuknn,0.0096242503654507,0.0,-0.1251739405390885,0.1460683498427064,0.20648312611012434,0.1649644760213144,0.6285523978685613,0.1649644760213144
dunnhumby,1,racf,triple2vec,0.014413495671504854,0.0,-0.06791791489182114,0.14606834984270647,0.2202486678507993,0.14631438721136766,0.6334369449378331,0.14631438721136766
dunnhumby,1,racf,sets2sets,0.08865355163057441,0.0,-0.1460683498427064,0.4024473678941367,0.37633214920071045,0.158303730017762,0.46536412078152756,0.158303730017762
dunnhumby,1,racf,dnntsp,0.052945590885110534,0.0,-0.1312050775123417,0.3156484524795144,0.32571047957371224,0.16163410301953818,0.5126554174067496,0.16163410301953818
dunnhumby,1,tifuknn,triple2vec,0.004789245306054152,0.0,-0.14606834984270645,0.169580102636808,0.2246891651865009,0.19649200710479572,0.5788188277087034,0.19649200710479572
dunnhumby,1,tifuknn,sets2sets,0.0790293012651237,0.0,-0.1460683498427064,0.3868528072345415,0.3672291296625222,0.15652753108348136,0.4762433392539964,0.15652753108348136
dunnhumby,1,tifuknn,dnntsp,0.04332134051965983,0.0,-0.14407766125137167,0.2947540431758966,0.3099467140319716,0.17229129662522202,0.5177619893428064,0.17229129662522202
dunnhumby,1,triple2vec,sets2sets,0.07424005595906955,0.0,-0.169580102636808,0.40707812016543726,0.3641207815275311,0.18450266429840143,0.45137655417406747,0.18450266429840143
dunnhumby,1,triple2vec,dnntsp,0.038532095213605684,0.0,-0.1695801026368081,0.3007851801491499,0.30350799289520425,0.20004440497335702,0.49644760213143874,0.20004440497335702
dunnhumby,1,sets2sets,dnntsp,-0.03570796074546387,0.0,-0.3156484524795144,0.169580102636808,0.18494671403197158,0.29307282415630553,0.5219804618117229,0.18494671403197158
dunnhumby,2,recency,frequency,-0.09654798712316556,0.0,-0.3984296397017003,0.060790613896566696,0.12144760213143872,0.3932060390763766,0.48534635879218474,0.12144760213143872
dunnhumby,2,recency,racf,-0.09853076490016234,0.0,-0.421941392495802,0.06452763104835582,0.125,0.39831261101243337,0.47668738898756663,0.125
dunnhumby,2,recency,tifuknn,-0.09081803485487426,0.0,-0.36267195806771774,0.01486327233036469,0.102797513321492,0.3812166962699822,0.5159857904085258,0.102797513321492
dunnhumby,2,recency,triple2vec,-0.08404583111605682,0.0,-0.3903800499921016,0.1312050775123417,0.1460923623445826,0.37122557726465366,0.4826820603907638,0.1460923623445826
dunnhumby,2,recency,sets2sets,-0.00990491482128281,0.0,-0.2772734273550482,0.2346393630113782,0.23068383658969804,0.27575488454706926,0.4935612788632327,0.23068383658969804
dunnhumby,2,recency,dnntsp,-0.057053677524798146,0.0,-0.36312388030733306,0.169580102636808,0.17273534635879217,0.3339253996447602,0.4933392539964476,0.17273534635879217
dunnhumby,2,frequency,racf,-0.0019827777769967805,0.0,0.0,0.0,0.07571047957371226,0.08570159857904085,0.8385879218472468,0.07571047957371226
dunnhumby,2,frequency,tifuknn,0.005729952268291294,0.0,-0.1251739405390885,0.13120507751234178,0.20093250444049734,0.16718472468916518,0.6318827708703375,0.16718472468916518
dunnhumby,2,frequency,triple2vec,0.012502156007108734,0.0,-0.08278118722218586,0.1460683498427064,0.211145648312611,0.15208703374777977,0.6367673179396093,0.15208703374777977
dunnhumby,2,frequency,sets2sets,0.08664307230188274,0.0,-0.13120507751234178,0.4024473678941368,0.375,0.15208703374777977,0.47291296625222023,0.15208703374777977
dunnhumby,2,frequency,dnntsp,0.03949430959836741,0.0,-0.13120507751234178,0.2463023887407299,0.2879662522202487,0.17895204262877443,0.5330817051509769,0.17895204262877443
dunnhumby,2,racf,tifuknn,0.0077127300452880755,0.0,-0.10769332471824017,0.14003721286945325,0.20115452930728242,0.163854351687389,0.6349911190053286,0.163854351687389
dunnhumby,2,racf,triple2vec,0.014484933784105513,0.0,-0.0617535089293436,0.1460683498427064,0.21203374777975134,0.14431616341030196,0.6436500888099467,0.14431616341030196
dunnhumby,2,racf,sets2sets,0.08862585007887953,0.0,-0.1312050775123417,0.40707812016543726,0.37544404973357015,0.15097690941385436,0.47357904085257546,0.15097690941385436
dunnhumby,2,racf,dnntsp,0.041477087375364194,0.0,-0.13120507751234178,0.2463023887407299,0.2877442273534636,0.1716252220248668,0.5406305506216696,0.1716252220248668
dunnhumby,2,tifuknn,triple2vec,0.006772203738817439,0.0,-0.14606834984270645,0.169580102636808,0.21847246891651864,0.20004440497335702,0.5814831261101243,0.20004440497335702
dunnhumby,2,tifuknn,sets2sets,0.08091312003359145,0.0,-0.1312050775123417,0.38356636737133576,0.3641207815275311,0.14498223801065718,0.49089698046181174,0.14498223801065718
dunnhumby,2,tifuknn,dnntsp,0.033764357330076114,0.0,-0.14606834984270642,0.2346393630113782,0.27708703374777977,0.18450266429840143,0.5384103019538188,0.18450266429840143
dunnhumby,2,triple2vec,sets2sets,0.07414091629477401,0.0,-0.169580102636808,0.3903800499921016,0.35324156305506216,0.17939609236234458,0.46736234458259324,0.17939609236234458
dunnhumby,2,triple2vec,dnntsp,0.026992153591258675,0.0,-0.16958010263680812,0.2667833086826897,0.2697602131438721,0.2146980461811723,0.5155417406749556,0.2146980461811723
dunnhumby,2,sets2sets,dnntsp,-0.04714876270351533,0.0,-0.32351172989610627,0.1460683498427064,0.16296625222024866,0.29951154529307283,0.5375222024866785,0.16296625222024866
instacart,0,recency,frequency,-0.15414382184231099,-0.1312050775123417,-0.529634717214042,0.13120507751234178,0.1607662463627546,0.5865664403491756,0.25266731328806985,0.1607662463627546
instacart,0,recency,racf,-0.15532757597716434,-0.1312050775123417,-0.529634717214042,0.13120507751234178,0.16125121241513093,0.5926285160038798,0.24612027158098934,0.16125121241513093
instacart,0,recency,tifuknn,-0.1442475594487966,-0.08679891541462226,-0.5087403079104241,0.1251739405390886,0.15761396702230843,0.5628031037827352,0.27958292919495636,0.15761396702230843
instacart,0,recency,triple2vec,-0.09996028513785055,0.0,-0.48522855511632274,0.2139862647345275,0.22478176527643065,0.4980601357904947,0.2771580989330747,0.22478176527643065
instacart,0,recency,sets2sets,-0.019221210976647307,0.0,-0.421941392495802,0.3835663673713355,0.3486905916585839,0.4105237633365664,0.24078564500484967,0.3486905916585839
instacart,0,recency,dnntsp,-0.09273315660236757,-0.02089440930361791,-0.47003931575699737,0.21398626473452753,0.24733268671193018,0.5109117361784675,0.24175557710960233,0.24733268671193018
instacart,0,frequency,racf,-0.0011837541348533379,0.0,-0.014863272330364663,0.0,0.09917555771096023,0.10838991270611058,0.7924345295829291,0.09917555771096023
instacart,0,frequency,tifuknn,0.009896262393514389,0.0,-0.13120507751234178,0.14606834984270645,0.2677012609117362,0.20708050436469447,0.5252182347235693,0.20708050436469447
instacart,0,frequency,triple2vec,0.05418353670446043,0.0,-0.06791791489182109,0.25517369959370045,0.34602327837051405,0.15518913676042678,0.49878758486905916,0.15518913676042678
instacart,0,frequency,sets2sets,0.13492261086566368,0.0679179148918212,-0.15290748921446737,0.4894503509976015,0.5475266731328807,0.19762366634335596,0.25484966052376334,0.19762366634335596
instacart,0,frequency,dnntsp,0.061410665239943416,0.0,-0.13120507751234178,0.2902950614767913,0.4384093113482056,0.21217264791464596,0.3494180407371484,0.21217264791464596
instacart,0,racf,tifuknn,0.011080016528367726,0.0,-0.13120507751234178,0.14606834984270645,0.27618816682832203,0.21241513094083414,0.5113967022308439,0.21241513094083414
instacart,0,racf,triple2vec,0.055367290839313764,0.0,-0.061442547954487114,0.25637901805143026,0.3486905916585839,0.1571290009699321,0.494180407371484,0.1571290009699321
instacart,0,racf,sets2sets,0.136106365000517,0.07304638368071681,-0.14606834984270645,0.48522855511632274,0.5489815712900097,0.1915615906886518,0.2594568380213385,0.1915615906886518
instacart,0,racf,dnntsp,0.06259441937479676,0.0,-0.13120507751234178,0.27727342735504823,0.4444713870029098,0.20732298739088265,0.34820562560620755,0.20732298739088265
instacart,0,tifuknn,triple2vec,0.044287274310946034,0.0,-0.1251739405390886,0.22629438553091685,0.3312318137730359,0.19544131910766246,0.47332686711930166,0.19544131910766246
instacart,0,tifuknn,sets2sets,0.12502634847214927,0.044406162097719526,-0.169580102636808,0.470365282785958,0.5344325897187197,0.2061105722599418,0.2594568380213385,0.2061105722599418
instacart,0,tifuknn,dnntsp,0.05151440284642903,0.0,-0.169580102636808,0.2960819109658654,0.4245877788554801,0.25872938894277403,0.31668283220174587,0.25872938894277403
instacart,0,triple2vec,sets2sets,0.08073907416120324,0.0,-0.2139862647345275,0.3903800499921016,0.47162948593598447,0.2332686711930165,0.29510184287099905,0.2332686711930165
instacart,0,triple2vec,dnntsp,0.007227128535482991,0.0,-0.23146688055537604,0.23463936301137822,0.3537827352085354,0.31328806983511154,0.33292919495635304,0.31328806983511154
instacart,0,sets2sets,dnntsp,-0.07351194562572025,0.0,-0.4414924137367809,0.2346393630113782,0.2786129970902037,0.47793404461687683,0.2434529582929195,0.2786129970902037
instacart,1,recency,frequency,-0.15117542014182295,-0.1251739405390886,-0.5236035802407889,0.14407766125137167,0.16391852570320078,0.5734723569350145,0.26260911736178466,0.16391852570320078
instacart,1,recency,racf,-0.1527230585988531,-0.12517394053908865,-0.5236035802407889,0.14547114326530652,0.1665858389912706,0.5766246362754607,0.25678952473326866,0.1665858389912706
instacart,1,recency,tifuknn,-0.1435852109037246,-0.07817485246961246,-0.5087403079104241,0.1251739405390886,0.15955383123181377,0.5497090203685742,0.290737148399612,0.15955383123181377
instacart,1,recency,triple2vec,-0.13489934603048057,-0.06791791489182103,-0.5147714448836774,0.169580102636808,0.19180407371483996,0.5400096993210475,0.26818622696411254,0.19180407371483996
instacart,1,recency,sets2sets,-0.02409059129289096,0.0,-0.421941392495802,0.3600546145772339,0.3406886517943744,0.4093113482056256,0.25,0.3406886517943744
instacart,1,recency,dnntsp,-0.08613677597418969,-0.006031136973253193,-0.4703652827859579,0.2346393630113782,0.2521823472356935,0.5004849660523764,0.24733268671193018,0.2521823472356935
instacart,1,frequency,racf,-0.0015476384570301508,0.0,-0.014863272330364663,0.014863272330364646,0.1016003879728419,0.10717749757516974,0.7912221144519883,0.1016003879728419
instacart,1,frequency,tifuknn,0.00759020923809836,0.0,-0.13120507751234178,0.14606834984270645,0.25533462657613964,0.21023278370514065,0.5344325897187197,0.21023278370514065
instacart,1,frequency,triple2vec,0.016276074111342374,0.0,-0.1251739405390885,0.14606834984270645,0.25630455868089236,0.17967992240543162,0.5640155189136761,0.17967992240543162
instacart,1,frequency,sets2sets,0.12708482884893202,0.06144254795448709,-0.1547168303064434,0.49125969208957576,0.5373423860329777,0.19786614936954414,0.26479146459747815,0.19786614936954414
instacart,1,frequency,dnntsp,0.06503864416763326,0.0,-0.14606834984270645,0.3198702483607934,0.4478661493695441,0.22090203685742,0.3312318137730359,0.22090203685742
instacart,1,racf,tifuknn,0.009137847695128511,0.0,-0.13120507751234178,0.14606834984270645,0.2633365664403492,0.21217264791464596,0.5244907856450048,0.21217264791464596
instacart,1,racf,triple2vec,0.017823712568372525,0.0,-0.1251739405390886,0.1460683498427065,0.271823472356935,0.19350145489815712,0.5346750727449079,0.19350145489815712
instacart,1,racf,sets2sets,0.12863246730596217,0.06144254795448699,-0.1460683498427065,0.4912596920895759,0.5370999030067896,0.19325897187196897,0.2696411251212415,0.19325897187196897
instacart,1,racf,dnntsp,0.06658628262466341,0.0,-0.1460683498427064,0.3156484524795146,0.4459262851600388,0.2257516973811833,0.32832201745877787,0.2257516973811833
instacart,1,tifuknn,triple2vec,0.008685864873244013,0.0,-0.13120507751234178,0.14606834984270645,0.2635790494665373,0.2390882638215325,0.49733268671193015,0.2390882638215325
instacart,1,tifuknn,sets2sets,0.11949461961083363,0.03837502512446633,-0.169580102636808,0.4703652827859578,0.5223084384093113,0.20077594568380214,0.2769156159068865,0.20077594568380214
instacart,1,tifuknn,dnntsp,0.05744843492953489,0.0,-0.169580102636808,0.32429693294325146,0.4304073714839961,0.2519398642095053,0.3176527643064985,0.2519398642095053
instacart,1,triple2vec,sets2sets,0.11080875473758961,0.02351175279410167,-0.16812753627111748,0.46204449072076276,0.5169738118331717,0.19350145489815712,0.2895247332686712,0.19350145489815712
instacart,1,triple2vec,dnntsp,0.04876257005629088,0.0,-0.16958010263680812,0.30078518014914996,0.4173132880698351,0.25484966052376334,0.32783705140640157,0.25484966052376334
instacart,1,sets2sets,dnntsp,-0.06204618468129874,0.0,-0.3903800499921016,0.2436610773771021,0.280552861299709,0.45950533462657617,0.25994180407371487,0.280552861299709
instacart,2,recency,frequency,-0.15588802886299713,-0.1312050775123417,-0.5236035802407889,0.13120507751234178,0.16028128031037828,0.5783220174587779,0.2613967022308438,0.16028128031037828
instacart,2,recency,racf,-0.15675959582775814,-0.1312050775123417,-0.5296347172140421,0.13120507751234178,0.16125121241513093,0.5807468477206595,0.2580019398642095,0.16125121241513093
instacart,2,recency,tifuknn,-0.14220218391491263,-0.0679179148918212,-0.4912596920895759,0.1312050775123417,0.15470417070805043,0.5487390882638216,0.296556741028128,0.15470417070805043
instacart,2,recency,triple2vec,-0.08236232598419868,0.0,-0.47036528278595807,0.27124229038179504,0.24539282250242483,0.45950533462657617,0.29510184287099905,0.24539282250242483
instacart,2,recency,sets2sets,-0.01917859716251187,0.0,-0.4076087606974198,0.3835663673713355,0.34165858389912707,0.39088263821532493,0.267458777885548,0.34165858389912707
instacart,2,recency,dnntsp,-0.09449178798073808,0.0,-0.4852285551163225,0.21398626473452764,0.2434529582929195,0.49878758486905916,0.2577594568380213,0.2434529582929195
instacart,2,frequency,racf,-0.0008715669647609937,0.0,-0.014863272330364663,0.014863272330364719,0.11032977691561591,0.11105722599418041,0.7786129970902037,0.11032977691561591
instacart,2,frequency,tifuknn,0.013685844948084506,0.0,-0.12517394053908865,0.14606834984270645,0.27449078564500484,0.20198836081474297,0.5235208535402521,0.20198836081474297
instacart,2,frequency,triple2vec,0.07352570287879842,0.0,-0.044406162097719526,0.31564845247951456,0.37827352085354027,0.13894277400581959,0.4827837051406402,0.13894277400581959
instacart,2,frequency,sets2sets,0.13670943170048527,0.0827811872221858,-0.14606834984270645,0.4912596920895759,0.5475266731328807,0.18646944713870028,0.266003879728419,0.18646944713870028
instacart,2,frequency,dnntsp,0.06139624088225905,0.0,-0.13120507751234178,0.30078518014914996,0.4306498545101843,0.22187196896217265,0.34747817652764307,0.22187196896217265
instacart,2,racf,tifuknn,0.0145574119128455,0.0,-0.12517394053908865,0.14606834984270645,0.27909796314258,0.2046556741028128,0.5162463627546072,0.2046556741028128
instacart,2,racf,triple2vec,0.07439726984355943,0.0,-0.05111236374467917,0.31564845247951456,0.38118331716779824,0.14718719689621726,0.47162948593598447,0.14718719689621726
instacart,2,racf,sets2sets,0.13758099866524626,0.0804780198458991,-0.1460683498427064,0.4912596920895759,0.5499515033947624,0.18380213385063046,0.26624636275460717,0.18380213385063046
instacart,2,racf,dnntsp,0.062267807847020046,0.0,-0.13120507751234178,0.30877919231049056,0.4282250242483026,0.22187196896217265,0.34990300678952474,0.22187196896217265
instacart,2,tifuknn,triple2vec,0.059839857930713926,0.0,-0.1251739405390885,0.3007851801491498,0.35135790494665375,0.17725509214354995,0.4713870029097963,0.17725509214354995
instacart,2,tifuknn,sets2sets,0.12302358675240076,0.03837502512446633,-0.15471683030644345,0.4852285551163225,0.5230358874878759,0.19713870029097963,0.27982541222114454,0.19713870029097963
instacart,2,tifuknn,dnntsp,0.047710395934174546,0.0,-0.16958010263680812,0.3156484524795145,0.4042192046556741,0.26867119301648884,0.32710960232783703,0.26867119301648884
instacart,2,triple2vec,sets2sets,0.06318372882168682,0.0,-0.2346393630113782,0.3893218771648346,0.4364694471387003,0.25121241513094084,0.3123181377303589,0.25121241513094084
instacart,2,triple2vec,dnntsp,-0.012129461996539383,0.0,-0.3156484524795145,0.27124229038179504,0.32201745877788557,0.3431134820562561,0.3348690591658584,0.32201745877788557
instacart,2,sets2sets,dnntsp,-0.07531319081822621,0.0,-0.44685352999185635,0.23664042117345463,0.27085354025218233,0.4750242483026188,0.2541222114451988,0.27085354025218233
retailrocket,0,recency,frequency,0.023279770784237316,0.0,0.0,0.0,0.041176470588235294,0.0058823529411764705,0.9529411764705882,0.0058823529411764705
retailrocket,0,recency,racf,0.022814172414841145,0.0,0.0,0.0,0.07058823529411765,0.011764705882352941,0.9176470588235294,0.011764705882352941
retailrocket,0,recency,tifuknn,0.012597298491671401,0.0,0.0,0.0,0.047058823529411764,0.0,0.9529411764705882,0.0
retailrocket,0,recency,triple2vec,0.0260453089997166,0.0,0.0,0.0,0.058823529411764705,0.01764705882352941,0.9235294117647059,0.01764705882352941
retailrocket,0,recency,sets2sets,0.009125524372593504,0.0,0.0,0.0,0.047058823529411764,0.01764705882352941,0.9352941176470588,0.01764705882352941
retailrocket,0,recency,dnntsp,0.4506098559672309,0.0,0.0,1.0,0.4823529411764706,0.0058823529411764705,0.5117647058823529,0.0058823529411764705
retailrocket,0,frequency,racf,-0.00046559836939617024,0.0,0.0,0.0,0.041176470588235294,0.01764705882352941,0.9411764705882353,0.01764705882352941
retailrocket,0,frequency,tifuknn,-0.010682472292565913,0.0,0.0,0.0,0.041176470588235294,0.03529411764705882,0.9235294117647059,0.03529411764705882
retailrocket,0,frequency,triple2vec,0.0027655382154792834,0.0,0.0,0.0,0.047058823529411764,0.041176470588235294,0.9117647058823529,0.041176470588235294
retailrocket,0,frequency,sets2sets,-0.014154246411643812,0.0,0.0,0.0,0.029411764705882353,0.041176470588235294,0.9294117647058824,0.029411764705882353
retailrocket,0,frequency,dnntsp,0.4273300851829936,0.0,0.0,1.0,0.4588235294117647,0.011764705882352941,0.5294117647058824,0.011764705882352941
retailrocket,0,racf,tifuknn,-0.010216873923169745,0.0,0.0,0.0,0.01764705882352941,0.029411764705882353,0.9529411764705882,0.01764705882352941
retailrocket,0,racf,triple2vec,0.003231136584875454,0.0,0.0,0.0,0.011764705882352941,0.023529411764705882,0.9647058823529412,0.011764705882352941
retailrocket,0,racf,sets2sets,-0.013688648042247642,0.0,0.0,0.0,0.011764705882352941,0.03529411764705882,0.9529411764705882,0.011764705882352941
retailrocket,0,racf,dnntsp,0.4277956835523898,0.0,0.0,1.0,0.4647058823529412,0.0058823529411764705,0.5294117647058824,0.0058823529411764705
retailrocket,0,tifuknn,triple2vec,0.013448010508045198,0.0,0.0,0.0,0.029411764705882353,0.023529411764705882,0.9470588235294117,0.023529411764705882
retailrocket,0,tifuknn,sets2sets,-0.003471774119077898,0.0,0.0,0.0,0.01764705882352941,0.023529411764705882,0.9588235294117647,0.01764705882352941
retailrocket,0,tifuknn,dnntsp,0.43801255747555945,0.0,0.0,1.0,0.4823529411764706,0.0058823529411764705,0.5117647058823529,0.0058823529411764705
retailrocket,0,triple2vec,sets2sets,-0.016919784627123097,0.0,0.0,0.0,0.01764705882352941,0.029411764705882353,0.9529411764705882,0.01764705882352941
retailrocket,0,triple2vec,dnntsp,0.4245645469675143,0.0,0.0,1.0,0.4588235294117647,0.0058823529411764705,0.5352941176470588,0.0058823529411764705
retailrocket,0,sets2sets,dnntsp,0.4414843315946374,0.0,0.0,1.0,0.4823529411764706,0.011764705882352941,0.5058823529411764,0.011764705882352941
retailrocket,1,recency,frequency,0.0,0.0,0.0,0.0,0.011764705882352941,0.011764705882352941,0.9764705882352941,0.011764705882352941
retailrocket,1,recency,racf,-0.011888284510063655,0.0,0.0,0.0,0.029411764705882353,0.023529411764705882,0.9470588235294117,0.023529411764705882
retailrocket,1,recency,tifuknn,0.005758774313465756,0.0,0.0,0.0,0.023529411764705882,0.0,0.9764705882352941,0.0
retailrocket,1,recency,triple2vec,-0.00012357862771071414,0.0,0.0,0.0,0.03529411764705882,0.01764705882352941,0.9470588235294117,0.01764705882352941
retailrocket,1,recency,sets2sets,0.012585588558781197,0.0,0.0,0.0,0.041176470588235294,0.011764705882352941,0.9470588235294117,0.011764705882352941
retailrocket,1,recency,dnntsp,0.48540034049851105,0.3868528072345416,0.0,1.0,0.5176470588235295,0.011764705882352941,0.47058823529411764,0.011764705882352941
retailrocket,1,frequency,racf,-0.011888284510063655,0.0,0.0,0.0,0.023529411764705882,0.01764705882352941,0.9588235294117647,0.01764705882352941
retailrocket,1,frequency,tifuknn,0.005758774313465757,0.0,0.0,0.0,0.03529411764705882,0.011764705882352941,0.9529411764705882,0.011764705882352941
retailrocket,1,frequency,triple2vec,-0.00012357862771071414,0.0,0.0,0.0,0.029411764705882353,0.011764705882352941,0.9588235294117647,0.011764705882352941
retailrocket,1,frequency,sets2sets,0.012585588558781197,0.0,0.0,0.0,0.03529411764705882,0.0058823529411764705,0.9588235294117647,0.0058823529411764705
retailrocket,1,frequency,dnntsp,0.48540034049851105,0.3107460851229599,0.0,1.0,0.5176470588235295,0.0058823529411764705,0.4764705882352941,0.0058823529411764705
retailrocket,1,racf,tifuknn,0.01764705882352941,0.0,0.0,0.0,0.023529411764705882,0.0058823529411764705,0.9705882352941176,0.0058823529411764705
retailrocket,1,racf,triple2vec,0.011764705882352941,0.0,0.0,0.0,0.01764705882352941,0.0058823529411764705,0.9764705882352941,0.0058823529411764705
retailrocket,1,racf,sets2sets,0.024473873068844854,0.0,0.0,0.0,0.029411764705882353,0.0058823529411764705,0.9647058823529412,0.0058823529411764705
retailrocket,1,racf,dnntsp,0.4972886250085748,0.3868528072345416,0.0,1.0,0.5294117647058824,0.0058823529411764705,0.4647058823529412,0.0058823529411764705
retailrocket,1,tifuknn,triple2vec,-0.0058823529411764705,0.0,0.0,0.0,0.011764705882352941,0.01764705882352941,0.9705882352941176,0.011764705882352941
retailrocket,1,tifuknn,sets2sets,0.0068268142453154395,0.0,0.0,0.0,0.023529411764705882,0.01764705882352941,0.9588235294117647,0.01764705882352941
retailrocket,1,tifuknn,dnntsp,0.4796415661850454,0.3414673591002034,0.0,1.0,0.5117647058823529,0.011764705882352941,0.4764705882352941,0.011764705882352941
retailrocket,1,triple2vec,sets2sets,0.01270916718649191,0.0,0.0,0.0,0.029411764705882353,0.01764705882352941,0.9529411764705882,0.01764705882352941
retailrocket,1,triple2vec,dnntsp,0.48552391912622184,0.3414673591002034,0.0,1.0,0.5176470588235295,0.0058823529411764705,0.4764705882352941,0.0058823529411764705
retailrocket,1,sets2sets,dnntsp,0.47281475193972994,0.2653606369886218,0.0,1.0,0.5058823529411764,0.01764705882352941,0.4764705882352941,0.01764705882352941
retailrocket,2,recency,frequency,-0.004592706470495313,0.0,0.0,0.0,0.0058823529411764705,0.0058823529411764705,0.9882352941176471,0.0058823529411764705
retailrocket,2,recency,racf,0.012010145136523572,0.0,0.0,0.0,0.041176470588235294,0.0058823529411764705,0.9529411764705882,0.0058823529411764705
retailrocket,2,recency,tifuknn,0.005138806687869938,0.0,0.0,0.0,0.03529411764705882,0.0058823529411764705,0.9588235294117647,0.0058823529411764705
retailrocket,2,recency,triple2vec,0.0075437832594799446,0.0,0.0,0.0,0.041176470588235294,0.01764705882352941,0.9411764705882353,0.01764705882352941
retailrocket,2,recency,sets2sets,0.018234656014522392,0.0,0.0,0.0,0.052941176470588235,0.0058823529411764705,0.9411764705882353,0.0058823529411764705
retailrocket,2,recency,dnntsp,0.4277533273203873,0.0,0.0,1.0,0.4823529411764706,0.023529411764705882,0.49411764705882355,0.023529411764705882
retailrocket,2,frequency,racf,0.01660285160701888,0.0,0.0,0.0,0.041176470588235294,0.0058823529411764705,0.9529411764705882,0.0058823529411764705
retailrocket,2,frequency,tifuknn,0.00973151315836525,0.0,0.0,0.0,0.03529411764705882,0.011764705882352941,0.9529411764705882,0.011764705882352941
retailrocket,2,frequency,triple2vec,0.012136489729975258,0.0,0.0,0.0,0.047058823529411764,0.01764705882352941,0.9352941176470588,0.01764705882352941
retailrocket,2,frequency,sets2sets,0.022827362485017703,0.0,0.0,0.0,0.052941176470588235,0.011764705882352941,0.9352941176470588,0.011764705882352941
retailrocket,2,frequency,dnntsp,0.4323460337908826,0.0,0.0,1.0,0.48823529411764705,0.023529411764705882,0.48823529411764705,0.023529411764705882
retailrocket,2,racf,tifuknn,-0.006871338448653632,0.0,0.0,0.0,0.0058823529411764705,0.01764705882352941,0.9764705882352941,0.0058823529411764705
retailrocket,2,racf,triple2vec,-0.0044663618770436255,0.0,0.0,0.0,0.0058823529411764705,0.011764705882352941,0.9823529411764705,0.0058823529411764705
retailrocket,2,racf,sets2sets,0.006224510877998819,0.0,0.0,0.0,0.011764705882352941,0.0058823529411764705,0.9823529411764705,0.0058823529411764705
retailrocket,2,racf,dnntsp,0.41574318218386364,0.0,0.0,1.0,0.47058823529411764,0.023529411764705882,0.5058823529411764,0.023529411764705882
retailrocket,2,tifuknn,triple2vec,0.0024049765716100077,0.0,0.0,0.0,0.01764705882352941,0.01764705882352941,0.9647058823529412,0.01764705882352941
retailrocket,2,tifuknn,sets2sets,0.013095849326652451,0.0,0.0,0.0,0.023529411764705882,0.0058823529411764705,0.9705882352941176,0.0058823529411764705
retailrocket,2,tifuknn,dnntsp,0.42261452063251737,0.0,0.0,1.0,0.47058823529411764,0.01764705882352941,0.5117647058823529,0.01764705882352941
retailrocket,2,triple2vec,sets2sets,0.010690872755042444,0.0,0.0,0.0,0.023529411764705882,0.0058823529411764705,0.9705882352941176,0.0058823529411764705
retailrocket,2,triple2vec,dnntsp,0.42020954406090727,0.0,0.0,1.0,0.4764705882352941,0.01764705882352941,0.5058823529411764,0.01764705882352941
retailrocket,2,sets2sets,dnntsp,0.4095186713058649,0.0,0.0,1.0,0.4588235294117647,0.023529411764705882,0.5176470588235295,0.023529411764705882
sam,0,recency,frequency,-0.07408792350647485,0.0,-0.3868528072345415,0.02351175279410167,0.10848287112561175,0.3036976617727026,0.5878194671016856,0.10848287112561175
sam,0,recency,racf,-0.07733721285292737,0.0,-0.38685280723454163,0.044406162097719526,0.11228928765633496,0.3134855899945623,0.5742251223491027,0.11228928765633496
sam,0,recency,tifuknn,-0.062290489805259225,0.0,-0.339160205273616,0.023511752794101615,0.10331702011963023,0.25856443719412725,0.6381185426862426,0.10331702011963023
sam,0,recency,triple2vec,-0.06041993092371474,0.0,-0.3868528072345415,0.1460683498427064,0.14410005437737902,0.29255029907558455,0.5633496465470365,0.14410005437737902
sam,0,recency,sets2sets,-0.04780911664469964,0.0,-0.3868528072345415,0.19372130630045242,0.16204458945078848,0.27351821642196844,0.564437194127243,0.16204458945078848
sam,0,recency,dnntsp,0.05985578025814534,0.0,-0.2346393630113782,0.4692787260227564,0.27732463295269166,0.19766177270255575,0.5250135943447526,0.19766177270255575
sam,0,frequency,racf,-0.0032492893464525145,0.0,0.0,0.0,0.07177814029363784,0.07884719956498097,0.8493746601413812,0.07177814029363784
sam,0,frequency,tifuknn,0.011797433701215628,0.0,-0.023511752794101615,0.14003721286945328,0.16231647634584012,0.10984230560087004,0.7278412180532898,0.10984230560087004
sam,0,frequency,triple2vec,0.013667992582760111,0.0,-0.023511752794101615,0.13120507751234178,0.15932572050027188,0.11011419249592169,0.7305600870038064,0.11011419249592169
sam,0,frequency,sets2sets,0.02627880686177522,0.0,-0.05111236374467912,0.2079551277612743,0.20337139749864055,0.11963023382272975,0.6769983686786297,0.11963023382272975
sam,0,frequency,dnntsp,0.13394370376462023,0.0,-0.0430782943077509,0.6131471927654584,0.37601957585644374,0.10929853181076672,0.5146818923327896,0.10929853181076672
sam,0,racf,tifuknn,0.015046723047668143,0.0,-0.014863272330364663,0.13385471811947686,0.16421968461120173,0.10087003806416531,0.734910277324633,0.10087003806416531
sam,0,racf,triple2vec,0.016917281929212626,0.0,-0.023511752794101615,0.13120507751234178,0.15905383360522024,0.1054921152800435,0.7354540511147363,0.1054921152800435
sam,0,racf,sets2sets,0.02952809620822773,0.0,-0.03837502512446633,0.2079551277612743,0.20473083197389885,0.11283306144643829,0.6824361065796629,0.11283306144643829
sam,0,racf,dnntsp,0.13719299311107272,0.0,-0.024576973573350973,0.6131471927654584,0.3792822185970636,0.10603588907014681,0.5146818923327896,0.10603588907014681
sam,0,tifuknn,triple2vec,0.001870558881544483,0.0,-0.1251739405390885,0.10847852776538577,0.1402936378466558,0.14355628058727568,0.7161500815660685,0.1402936378466558
sam,0,tifuknn,sets2sets,0.014481373160559587,0.0,-0.13120507751234178,0.18444337496717278,0.18651441000543773,0.14301250679717237,0.6704730831973899,0.14301250679717237
sam,0,tifuknn,dnntsp,0.12214627006340459,0.0,-0.11946280293023302,0.6131471927654584,0.3575312669929309,0.12370853724850463,0.5187601957585645,0.12370853724850463
sam,0,triple2vec,sets2sets,0.012610814279015106,0.0,-0.1251739405390886,0.16958010263680812,0.18488308863512778,0.14002175095160413,0.6750951604132681,0.14002175095160413
sam,0,triple2vec,dnntsp,0.1202757111818601,0.0,-0.0781748524696125,0.6131471927654584,0.3518216421968461,0.12180532898314302,0.5263730288200109,0.12180532898314302
sam,0,sets2sets,dnntsp,0.10766489690284498,0.0,-0.1460683498427064,0.5855700749881524,0.33007069059271343,0.1408374116367591,0.5290918977705275,0.1408374116367591
sam,1,recency,frequency,-0.07838240459702273,0.0,-0.38791098006180946,0.0444061620977195,0.11120174007612833,0.29526916802610115,0.5935290918977705,0.11120174007612833
sam,1,recency,racf,-0.08010167758353301,0.0,-0.3903800499921016,0.08278118722218582,0.1212615551930397,0.3066884176182708,0.5720500271886895,0.1212615551930397
sam,1,recency,tifuknn,-0.06752257934606738,0.0,-0.3391602052736161,0.0018093410919770548,0.10005437737901034,0.2544861337683524,0.6454594888526373,0.10005437737901034
sam,1,recency,triple2vec,-0.06552785147171174,0.0,-0.3903800499921016,0.1460683498427065,0.14654703643284395,0.28711256117455136,0.5663404023926046,0.14654703643284395
sam,1,recency,sets2sets,-0.05678949788339696,0.0,-0.38356636737133554,0.16812753627111754,0.14763458401305057,0.279499728113105,0.5728656878738445,0.14763458401305057
sam,1,recency,dnntsp,0.04083866120300881,0.0,-0.2346393630113782,0.38685280723454163,0.26046764545948886,0.19059271343121262,0.5489396411092985,0.19059271343121262
sam,1,frequency,racf,-0.0017192729865102973,0.0,0.0,0.0,0.07585644371941272,0.07857531266992931,0.845568243610658,0.07585644371941272
sam,1,frequency,tifuknn,0.010859825250955326,0.0,-0.023511752794101632,0.13120507751234178,0.15579119086460033,0.10793909733550842,0.7362697117998912,0.10793909733550842
sam,1,frequency,triple2vec,0.012854553125310983,0.0,-0.014863272330364663,0.13120507751234178,0.15252854812398042,0.10195758564437195,0.7455138662316476,0.10195758564437195
sam,1,frequency,sets2sets,0.021592906713625754,0.0,-0.02351175279410167,0.169580102636808,0.18379554105492116,0.10848287112561175,0.7077215878194671,0.10848287112561175
sam,1,frequency,dnntsp,0.11922106580003151,0.0,0.0,0.5307212739772436,0.3618814573137575,0.09923871669385535,0.5388798259923872,0.09923871669385535
sam,1,racf,tifuknn,0.012579098237465622,0.0,-0.0148632723303647,0.13120507751234178,0.15742251223491027,0.10304513322457858,0.7395323545405111,0.10304513322457858
sam,1,racf,triple2vec,0.01457382611182128,0.0,-0.008680777580386215,0.1312050775123417,0.1528004350190321,0.100326264274062,0.7468733007069059,0.100326264274062
sam,1,racf,sets2sets,0.023312179700136052,0.0,-0.023511752794101615,0.169580102636808,0.1867862969004894,0.10630777596519848,0.7069059271343121,0.10630777596519848
sam,1,racf,dnntsp,0.12094033878654184,0.0,0.0,0.5307212739772436,0.3586188145731376,0.09624796084828711,0.5451332245785753,0.09624796084828711
sam,1,tifuknn,triple2vec,0.0019947278743556586,0.0,-0.0827811872221858,0.10305141342637786,0.1370309951060359,0.1343121261555193,0.7286568787384448,0.1343121261555193
sam,1,tifuknn,sets2sets,0.01073308146267043,0.0,-0.1312050775123417,0.16958010263680812,0.1756389342033714,0.14355628058727568,0.680804785209353,0.14355628058727568
sam,1,tifuknn,dnntsp,0.10836124054907621,0.0,-0.1251739405390885,0.5307212739772434,0.33822729744426316,0.11935834692767809,0.5424143556280587,0.11935834692767809
sam,1,triple2vec,sets2sets,0.008738353588314771,0.0,-0.13120507751234178,0.169580102636808,0.17727025557368134,0.14192495921696574,0.680804785209353,0.14192495921696574
sam,1,triple2vec,dnntsp,0.10636651267472054,0.0,-0.06791791489182114,0.48522855511632257,0.33849918433931486,0.11228928765633496,0.5492115280043501,0.11228928765633496
sam,1,sets2sets,dnntsp,0.09762815908640578,0.0,-0.1251739405390885,0.4692787260227564,0.32572050027188687,0.12180532898314302,0.5524741707449701,0.12180532898314302
sam,2,recency,frequency,-0.06553188415389144,0.0,-0.3835663673713355,0.06328716262052067,0.12098966829798803,0.28629690048939643,0.5927134312126155,0.12098966829798803
sam,2,recency,racf,-0.0670405780286072,0.0,-0.3868528072345415,0.1251739405390885,0.13240891789015768,0.29798803697661774,0.5696030451332246,0.13240891789015768
sam,2,recency,tifuknn,-0.0584855593086651,0.0,-0.2960819109658651,0.03129932755021924,0.1120174007612833,0.2501359434475258,0.6378466557911908,0.1120174007612833
sam,2,recency,triple2vec,-0.05242556463921925,0.0,-0.3600546145772339,0.1681275362711174,0.14953779227841218,0.28004350190320826,0.5704187058183795,0.14953779227841218
sam,2,recency,sets2sets,-0.048023001194241736,0.0,-0.37934457149005807,0.169580102636808,0.15959760739532355,0.27895595432300163,0.5614464382816748,0.15959760739532355
sam,2,recency,dnntsp,0.0535970868290999,0.0,-0.2346393630113782,0.4414924137367808,0.27868406742795,0.19603045133224578,0.5252854812398042,0.19603045133224578
sam,2,frequency,racf,-0.0015086938747157605,0.0,0.0,0.0,0.08346927678085916,0.08428493746601413,0.8322457857531267,0.08346927678085916
sam,2,frequency,tifuknn,0.007046324845226339,0.0,-0.04440616209771943,0.13120507751234178,0.16095704187058185,0.1199021207177814,0.7191408374116368,0.1199021207177814
sam,2,frequency,triple2vec,0.0131063195146722,0.0,-0.023511752794101615,0.13120507751234178,0.15687873844480696,0.10793909733550842,0.7351821642196846,0.10793909733550842
sam,2,frequency,sets2sets,0.017508882959649707,0.0,-0.044406162097719526,0.169580102636808,0.1769983686786297,0.11963023382272975,0.7033713974986405,0.11963023382272975
sam,2,frequency,dnntsp,0.11912897098299134,0.0,-0.05111236374467916,0.5307212739772436,0.3675910821098423,0.1120174007612833,0.5203915171288744,0.1120174007612833
sam,2,racf,tifuknn,0.0085550187199421,0.0,-0.038375025124466236,0.1460683498427064,0.16150081566068517,0.11609570418705818,0.7224034801522566,0.11609570418705818
sam,2,racf,triple2vec,0.014615013389387962,0.0,-0.021679612350762902,0.1312050775123417,0.15687873844480696,0.1054921152800435,0.7376291462751495,0.1054921152800435
sam,2,racf,sets2sets,0.019017576834365467,0.0,-0.044406162097719505,0.169580102636808,0.17727025557368134,0.12044589450788472,0.702283849918434,0.12044589450788472
sam,2,racf,dnntsp,0.1206376648577071,0.0,-0.0464180225918071,0.5531464700081437,0.3648722131593257,0.11256117455138662,0.5225666122892877,0.11256117455138662
sam,2,tifuknn,triple2vec,0.00605999466944586,0.0,-0.1251739405390885,0.1251739405390885,0.14246873300706905,0.14056552474170744,0.7169657422512234,0.14056552474170744
sam,2,tifuknn,sets2sets,0.010462558114423365,0.0,-0.14407766125137167,0.169580102636808,0.17645459488852638,0.15606307775965197,0.6674823273518217,0.15606307775965197
sam,2,tifuknn,dnntsp,0.112082646137765,0.0,-0.13120507751234178,0.5531464700081437,0.35290918977705277,0.1291462751495378,0.5179445350734094,0.1291462751495378
sam,2,triple2vec,sets2sets,0.004402563444977505,0.0,-0.1312050775123417,0.1460683498427064,0.1710168569874932,0.1473626971179989,0.6816204458945079,0.1473626971179989
sam,2,triple2vec,dnntsp,0.10602265146831913,0.0,-0.0827811872221858,0.5087403079104241,0.344752582925503,0.12098966829798803,0.534257748776509,0.12098966829798803
sam,2,sets2sets,dnntsp,0.10162008802334165,0.0,-0.10769332471824017,0.47036528278595785,0.33849918433931486,0.1245241979336596,0.5369766177270255,0.1245241979336596
tafeng,0,recency,frequency,-0.026323814384090826,0.0,-0.1547168303064434,0.0,0.06972747360667812,0.13552663884114902,0.7947458875521728,0.06972747360667812
tafeng,0,recency,racf,-0.027795157747051148,0.0,-0.169580102636808,0.0,0.08715934200834766,0.15737785416155167,0.7554628038301007,0.08715934200834766
tafeng,0,recency,tifuknn,-0.01485650873152317,0.0,-0.0444061620977195,0.0,0.06997299287994108,0.11416646206727228,0.8158605450527866,0.06997299287994108
tafeng,0,recency,triple2vec,-0.01997261424110585,0.0,-0.169580102636808,0.0444061620977195,0.1095015958752762,0.15222194942302972,0.7382764547016941,0.1095015958752762
tafeng,0,recency,sets2sets,-0.024680912282878678,0.0,-0.2346393630113782,0.1460683498427064,0.14559292904493001,0.16965381782469924,0.6847532531303707,0.14559292904493001
tafeng,0,recency,dnntsp,-0.027566422960810077,0.0,-0.2463023887407299,0.1681275362711174,0.14559292904493001,0.17972010802848024,0.6746869629265897,0.14559292904493001
tafeng,0,frequency,racf,-0.001471343362960324,0.0,0.0,0.0,0.06555364596120795,0.07267370488583354,0.8617726491529585,0.06555364596120795
tafeng,0,frequency,tifuknn,0.011467305652567655,0.0,0.0,0.038375025124466305,0.10999263442180211,0.09133316965381783,0.79867419592438,0.09133316965381783
tafeng,0,frequency,triple2vec,0.006351200142984979,0.0,0.0,0.044406162097719526,0.11686717407316474,0.08765038055487356,0.7954824453719617,0.08765038055487356
tafeng,0,frequency,sets2sets,0.0016429021012121464,0.0,-0.169580102636808,0.19309185543090962,0.16719862509206973,0.14583844831819298,0.6869629265897373,0.14583844831819298
tafeng,0,frequency,dnntsp,-0.0012426085767192523,0.0,-0.1875018574743523,0.20795512776127434,0.17309108765038056,0.1532040265160815,0.6737048858335379,0.1532040265160815
tafeng,0,racf,tifuknn,0.012938649015527978,0.0,0.0,0.057638020291404614,0.11563957770684999,0.09084213110729192,0.793518291185858,0.09084213110729192
tafeng,0,racf,triple2vec,0.007822543505945303,0.0,0.0,0.06791791489182111,0.12104100171863491,0.08470414927571815,0.7942548490056469,0.08470414927571815
tafeng,0,racf,sets2sets,0.003114245464172471,0.0,-0.169580102636808,0.19256838673281335,0.17407316474343235,0.1411735821261969,0.6847532531303707,0.1411735821261969
tafeng,0,racf,dnntsp,0.0002287347862410714,0.0,-0.169580102636808,0.1951900249960508,0.17751043456911367,0.14755708323103364,0.6749324821998527,0.14755708323103364
tafeng,0,tifuknn,triple2vec,-0.005116105509582676,0.0,-0.023511752794101615,0.06144254795448692,0.1185858089860054,0.10508224895654308,0.7763319420574515,0.10508224895654308
tafeng,0,tifuknn,sets2sets,-0.009824403551355507,0.0,-0.2139862647345275,0.19309185543090962,0.175791799656273,0.16007856616744415,0.6641296341762828,0.16007856616744415
tafeng,0,tifuknn,dnntsp,-0.012709914229286908,0.0,-0.2139862647345275,0.1951900249960508,0.1689172600049104,0.16670758654554382,0.6643751534495458,0.16670758654554382
tafeng,0,triple2vec,sets2sets,-0.004708298041772831,0.0,-0.1951900249960508,0.19047451194042597,0.16056960471397005,0.15860545052786643,0.6808249447581635,0.15860545052786643
tafeng,0,triple2vec,dnntsp,-0.007593808719704231,0.0,-0.1947703910830225,0.169580102636808,0.16204272035354775,0.16155168180702184,0.6764055978394304,0.16155168180702184
tafeng,0,sets2sets,dnntsp,-0.0028855106779314,0.0,-0.06791791489182111,0.06791791489182111,0.11563957770684999,0.11686717407316474,0.7674932482199852,0.11563957770684999
tafeng,1,recency,frequency,-0.0284711555135433,0.0,-0.169580102636808,0.0,0.06579916523447091,0.14191013994598575,0.7922906948195433,0.06579916523447091
tafeng,1,recency,racf,-0.03259410644556058,0.0,-0.19047451194042597,0.0,0.08617726491529586,0.17480972256322122,0.7390130125214829,0.08617726491529586
tafeng,1,recency,tifuknn,-0.01776869074390622,0.0,-0.10629294001628731,0.0,0.07512889761846304,0.11932236680579425,0.8055487355757427,0.07512889761846304
tafeng,1,recency,triple2vec,-0.01726136322551032,0.0,-0.169580102636808,0.06791791489182111,0.11784925116621654,0.14780260250429658,0.7343481463294869,0.11784925116621654
tafeng,1,recency,sets2sets,-0.02326548996007154,0.0,-0.2463023887407299,0.169580102636808,0.15394058433587038,0.16989933709796218,0.6761600785661674,0.15394058433587038
tafeng,1,recency,dnntsp,-0.023742711731560062,0.0,-0.2139862647345275,0.169580102636808,0.1482936410508225,0.1814387429413209,0.6702676160078567,0.1482936410508225
tafeng,1,frequency,racf,-0.004122950932017275,0.0,0.0,0.0,0.0638350110483673,0.0864227841885588,0.8497422047630739,0.0638350110483673
tafeng,1,frequency,tifuknn,0.010702464769637078,0.0,0.0,0.0444061620977195,0.11563957770684999,0.0864227841885588,0.7979376381045912,0.0864227841885588
tafeng,1,frequency,triple2vec,0.011209792288032977,0.0,0.0,0.0827811872221858,0.1311072919224159,0.08421311072919224,0.7846795973483919,0.08421311072919224
tafeng,1,frequency,sets2sets,0.005205665553471762,0.0,-0.169580102636808,0.2139862647345275,0.18929535968573533,0.14338325558556347,0.6673213847287012,0.14338325558556347
tafeng,1,frequency,dnntsp,0.0047284437819832435,0.0,-0.169580102636808,0.2139862647345275,0.1829118585808986,0.15418610360913332,0.662902037809968,0.15418610360913332
tafeng,1,racf,tifuknn,0.014825415701654354,0.0,0.0,0.06144254795448692,0.12226859808494966,0.08421311072919224,0.793518291185858,0.08421311072919224
tafeng,1,racf,triple2vec,0.015332743220050252,0.0,0.0,0.1251739405390885,0.1416646206727228,0.07832064817088141,0.7800147311563957,0.07832064817088141
tafeng,1,racf,sets2sets,0.009328616485489038,0.0,-0.169580102636808,0.2139862647345275,0.19862509206972748,0.140682543579671,0.6606923643506015,0.140682543579671
tafeng,1,racf,dnntsp,0.008851394714000517,0.0,-0.169580102636808,0.2139862647345275,0.1883132825926835,0.14804812177755955,0.6636385956297569,0.14804812177755955
tafeng,1,tifuknn,triple2vec,0.0005073275183958981,0.0,-0.004824909578602279,0.0827811872221858,0.12717898355020868,0.10017186349128407,0.7726491529585072,0.10017186349128407
tafeng,1,tifuknn,sets2sets,-0.005496799216165316,0.0,-0.2139862647345275,0.2139862647345275,0.18880432113920942,0.16425239381291432,0.6469432850478762,0.16425239381291432
tafeng,1,tifuknn,dnntsp,-0.005974020987653836,0.0,-0.1951900249960508,0.2079551277612743,0.17554628038301007,0.16670758654554382,0.6577461330714461,0.16670758654554382
tafeng,1,triple2vec,sets2sets,-0.0060041267345612125,0.0,-0.2079551277612743,0.19309185543090962,0.1723545298305917,0.1627792781733366,0.6648661919960717,0.1627792781733366
tafeng,1,triple2vec,dnntsp,-0.006481348506049735,0.0,-0.19309185543090962,0.169580102636808,0.16400687453965138,0.1637613552663884,0.6722317701939602,0.1637613552663884
tafeng,1,sets2sets,dnntsp,-0.0004772217714885204,0.0,-0.1251739405390885,0.1251739405390885,0.12987969555610115,0.1281610606432605,0.7419592438006384,0.1281610606432605
tafeng,2,recency,frequency,-0.02611996503725384,0.0,-0.16544539507818198,0.0,0.07881168671740732,0.13503560029462314,0.7861527129879695,0.07881168671740732
tafeng,2,recency,racf,-0.030023582229322603,0.0,-0.169580102636808,0.0,0.09231524674686963,0.16646206727228088,0.7412226859808495,0.09231524674686963
tafeng,2,recency,tifuknn,-0.015125437575145331,0.0,-0.04440616209771952,0.0,0.07267370488583354,0.11244782715443162,0.8148784679597348,0.07267370488583354
tafeng,2,recency,triple2vec,-0.019135843324224217,0.0,-0.169580102636808,0.1105037170301377,0.120549963172109,0.14755708323103364,0.7318929535968574,0.120549963172109
tafeng,2,recency,sets2sets,-0.025038705834814365,0.0,-0.29581633740787133,0.1681275362711174,0.14952123741713724,0.170881414191014,0.6795973483918487,0.14952123741713724
tafeng,2,recency,dnntsp,-0.03080930492799655,0.0,-0.2463023887407299,0.1460683498427064,0.1382273508470415,0.19027743677878714,0.6714952123741714,0.1382273508470415
tafeng,2,frequency,racf,-0.0039036171920687575,0.0,0.0,0.0,0.05990670267616008,0.08372207218266633,0.8563712251411736,0.05990670267616008
tafeng,2,frequency,tifuknn,0.01099452746210851,0.0,0.0,0.023511752794101615,0.10532776822980604,0.09108765038055487,0.8035845813896391,0.09108765038055487
tafeng,2,frequency,triple2vec,0.0069841217130296234,0.0,0.0,0.0444061620977195,0.11416646206727228,0.08470414927571815,0.8011293886570096,0.08470414927571815
tafeng,2,frequency,sets2sets,0.001081259202439477,0.0,-0.17319681505689127,0.2079551277612743,0.1713724527375399,0.1487846795973484,0.6798428676651117,0.1487846795973484
tafeng,2,frequency,dnntsp,-0.00468933989074271,0.0,-0.19256838673281276,0.169580102636808,0.16204272035354775,0.15762337343481464,0.6803339062116376,0.15762337343481464
tafeng,2,racf,tifuknn,0.014898144654177268,0.0,0.0,0.0444061620977195,0.11588509698011294,0.08617726491529586,0.7979376381045912,0.08617726491529586
tafeng,2,racf,triple2vec,0.010887738905098381,0.0,0.0,0.1251739405390885,0.12742450282347165,0.07832064817088141,0.7942548490056469,0.07832064817088141
tafeng,2,racf,sets2sets,0.0049848763945082334,0.0,-0.169580102636808,0.1951900249960508,0.1794745887552173,0.1411735821261969,0.6793518291185858,0.1411735821261969
tafeng,2,racf,dnntsp,-0.0007857226986739516,0.0,-0.169580102636808,0.169580102636808,0.16253375890007365,0.1492757181438743,0.6881905229560521,0.1492757181438743
tafeng,2,tifuknn,triple2vec,-0.004010405749078888,0.0,-0.02298828409600471,0.0827811872221858,0.12349619445126442,0.10262705622391358,0.773876749324822,0.10262705622391358
tafeng,2,tifuknn,sets2sets,-0.009913268259669036,0.0,-0.2139862647345275,0.1951900249960508,0.17480972256322122,0.16547999017922907,0.6597102872575498,0.16547999017922907
tafeng,2,tifuknn,dnntsp,-0.01568386735285122,0.0,-0.2139862647345275,0.169580102636808,0.16155168180702184,0.17751043456911367,0.6609378836238645,0.16155168180702184
tafeng,2,triple2vec,sets2sets,-0.0059028625105901475,0.0,-0.1951900249960508,0.19309185543090962,0.16106064326049596,0.1568868156150258,0.6820525411244782,0.1568868156150258
tafeng,2,triple2vec,dnntsp,-0.011673461603772332,0.0,-0.2079551277612743,0.169580102636808,0.1492757181438743,0.1713724527375399,0.6793518291185858,0.1492757181438743
tafeng,2,sets2sets,dnntsp,-0.0057705990931821854,0.0,-0.1312050775123417,0.0827811872221858,0.1195678860790572,0.1367542352074638,0.743677878713479,0.1195678860790572
taobao,0,recency,frequency,-0.002205862392450875,0.0,0.0,0.0,0.02536550995243967,0.028007750572485467,0.9466267394750749,0.02536550995243967
taobao,0,recency,racf,-0.006762300473650015,0.0,0.0,0.0,0.025189360577769947,0.031002289941870705,0.9438083494803593,0.025189360577769947
taobao,0,recency,tifuknn,-0.013897784849467153,0.0,0.0,0.0,0.008631319358816275,0.02184252245904527,0.9695261581821385,0.008631319358816275
taobao,0,recency,triple2vec,0.0022506431845152448,0.0,0.0,0.0,0.026774704949797428,0.02466091245376079,0.9485643825964418,0.02466091245376079
taobao,0,recency,sets2sets,-0.015436498451905816,0.0,0.0,0.0,0.03311608243790735,0.04491809054077858,0.921965827021314,0.03311608243790735
taobao,0,recency,dnntsp,-0.011261879758286365,0.0,0.0,0.0,0.035758323057953144,0.03857671305266866,0.9256649638893782,0.035758323057953144
taobao,0,frequency,racf,-0.00455643808119914,0.0,0.0,0.0,0.004932182490752158,0.008279020609476837,0.9867887968997711,0.004932182490752158
taobao,0,frequency,tifuknn,-0.011691922457016278,0.0,0.0,0.0,0.013387352474898714,0.02483706182843051,0.9617755856966708,0.013387352474898714
taobao,0,frequency,triple2vec,0.00445650557696612,0.0,0.0,0.0,0.016734190593623393,0.009512066232164875,0.9737537431742117,0.009512066232164875
taobao,0,frequency,sets2sets,-0.01323063605945494,0.0,0.0,0.0,0.02254711995772415,0.028536198696494628,0.9489166813457812,0.02254711995772415
taobao,0,frequency,dnntsp,-0.009056017365835492,0.0,0.0,0.0,0.02466091245376079,0.025893958076448828,0.9494451294697904,0.02466091245376079
taobao,0,racf,tifuknn,-0.00713548437581714,0.0,0.0,0.0,0.013035053725559274,0.02149022370970583,0.9654747225647349,0.013035053725559274
taobao,0,racf,triple2vec,0.00901294365816526,0.0,0.0,0.0,0.02060947683635723,0.010392813105513475,0.9689977100581293,0.010392813105513475
taobao,0,racf,sets2sets,-0.0086741979782558,0.0,0.0,0.0,0.020433327461687512,0.02307556808173331,0.9564911044565791,0.020433327461687512
taobao,0,racf,dnntsp,-0.004499579284636351,0.0,0.0,0.0,0.02307556808173331,0.01990487933767835,0.9570195525805884,0.01990487933767835
taobao,0,tifuknn,triple2vec,0.0161484280339824,0.0,0.0,0.0,0.027831601197815747,0.011449709353531795,0.9607186894486525,0.011449709353531795
taobao,0,tifuknn,sets2sets,-0.0015387136024386607,0.0,0.0,0.0,0.03258763431389818,0.028888497445834067,0.9385238682402678,0.028888497445834067
taobao,0,tifuknn,dnntsp,0.0026359050911807878,0.0,0.0,0.0,0.03470142680993483,0.02307556808173331,0.9422230051083319,0.02307556808173331
taobao,0,triple2vec,sets2sets,-0.01768714163642106,0.0,0.0,0.0,0.02307556808173331,0.03663906993130175,0.940285361986965,0.02307556808173331
taobao,0,triple2vec,dnntsp,-0.013512522942801612,0.0,0.0,0.0,0.025189360577769947,0.031002289941870705,0.9438083494803593,0.025189360577769947
taobao,0,sets2sets,dnntsp,0.004174618693619448,0.0,0.0,0.0,0.012858904350889554,0.00035229874933943986,0.9867887968997711,0.00035229874933943986
taobao,1,recency,frequency,-0.008731882574079395,0.0,0.0,0.0,0.020433327461687512,0.02836004932182491,0.9512066232164876,0.020433327461687512
taobao,1,recency,racf,-0.013965039333221138,0.0,0.0,0.0,0.020433327461687512,0.033644530561916505,0.945922141976396,0.020433327461687512
taobao,1,recency,tifuknn,-0.01748940646014013,0.0,0.0,0.0,0.008631319358816275,0.025013211203100228,0.9663554694380835,0.008631319358816275
taobao,1,recency,triple2vec,-0.0021885124692674245,0.0,0.0,0.0,0.02430861370442135,0.02466091245376079,0.9510304738418178,0.02430861370442135
taobao,1,recency,sets2sets,-0.02290071925131064,0.0,0.0,0.0,0.030121543068522105,0.048264928659503256,0.9216135282719746,0.030121543068522105
taobao,1,recency,dnntsp,-0.01959308478947183,0.0,0.0,0.0,0.032059186189889025,0.04403734366742998,0.923903470142681,0.032059186189889025
taobao,1,frequency,racf,-0.005233156759141744,0.0,0.0,0.0,0.004579883741412718,0.010216663730843756,0.9852034525277436,0.004579883741412718
taobao,1,frequency,tifuknn,-0.008757523886060735,0.0,0.0,0.0,0.012330456226880395,0.02237097058305443,0.9652985731900652,0.012330456226880395
taobao,1,frequency,triple2vec,0.0065433701048119705,0.0,0.0,0.0,0.018495684340320593,0.012330456226880395,0.969173859432799,0.012330456226880395
taobao,1,frequency,sets2sets,-0.014168836677231246,0.0,0.0,0.0,0.02360401620574247,0.030297692443191828,0.9460982913510657,0.02360401620574247
taobao,1,frequency,dnntsp,-0.010861202215392435,0.0,0.0,0.0,0.02571780870177911,0.029064646820503786,0.9452175444777171,0.02571780870177911
taobao,1,racf,tifuknn,-0.003524367126918991,0.0,0.0,0.0,0.011802008102871235,0.01708648934296283,0.9711115025541659,0.011802008102871235
taobao,1,racf,triple2vec,0.011776526863953715,0.0,0.0,0.0,0.02289941870706359,0.011625858728201514,0.9654747225647349,0.011625858728201514
taobao,1,racf,sets2sets,-0.0089356799180895,0.0,0.0,0.0,0.02254711995772415,0.02378016558041219,0.9536727144618636,0.02254711995772415
taobao,1,racf,dnntsp,-0.005628045456250691,0.0,0.0,0.0,0.02483706182843051,0.02237097058305443,0.952791967588515,0.02237097058305443
taobao,1,tifuknn,triple2vec,0.015300893990872706,0.0,0.0,0.0,0.02642240620045799,0.010568962480183195,0.9630086313193588,0.010568962480183195
taobao,1,tifuknn,sets2sets,-0.005411312791170511,0.0,0.0,0.0,0.028712348071164347,0.027831601197815747,0.9434560507310199,0.027831601197815747
taobao,1,tifuknn,dnntsp,-0.0021036783293317003,0.0,0.0,0.0,0.030121543068522105,0.02466091245376079,0.9452175444777171,0.02466091245376079
taobao,1,triple2vec,sets2sets,-0.020712206782043215,0.0,0.0,0.0,0.02360401620574247,0.038929011802008105,0.9374669719922494,0.02360401620574247
taobao,1,triple2vec,dnntsp,-0.017404572320204405,0.0,0.0,0.0,0.026070107451118547,0.035758323057953144,0.9381715694909283,0.026070107451118547
taobao,1,sets2sets,dnntsp,0.00330763446183881,0.0,0.0,0.0,0.010921261229522635,0.00017614937466971993,0.9889025893958077,0.00017614937466971993
taobao,2,recency,frequency,-0.003472653581930983,0.0,0.0,0.0,0.02395631495508191,0.02466091245376079,0.9513827725911573,0.02395631495508191
taobao,2,recency,racf,-0.009334245186676353,0.0,0.0,0.0,0.02272326933239387,0.027831601197815747,0.9494451294697904,0.02272326933239387
taobao,2,recency,tifuknn,-0.013525901261636372,0.0,0.0,0.0,0.009512066232164875,0.02060947683635723,0.9698784569314779,0.009512066232164875
taobao,2,recency,triple2vec,0.002682265133144805,0.0,0.0,0.0,0.02624625682578827,0.02149022370970583,0.9522635194645059,0.02149022370970583
taobao,2,recency,sets2sets,-0.016297544454895653,0.0,0.0,0.0,0.033468381187246786,0.04386119429276026,0.9226704245199929,0.033468381187246786
taobao,2,recency,dnntsp,-0.012540467283831049,0.0,0.0,0.0,0.033996829311255944,0.038752862427338386,0.9272503082614056,0.033996829311255944
taobao,2,frequency,racf,-0.005861591604745368,0.0,0.0,0.0,0.004579883741412718,0.009688215606834596,0.9857319006517526,0.004579883741412718
taobao,2,frequency,tifuknn,-0.010053247679705389,0.0,0.0,0.0,0.011449709353531795,0.02272326933239387,0.9658270213140744,0.011449709353531795
taobao,2,frequency,triple2vec,0.006154918715075788,0.0,0.0,0.0,0.01972872996300863,0.012506605601550114,0.9677646644354413,0.012506605601550114
taobao,2,frequency,sets2sets,-0.012824890872964671,0.0,0.0,0.0,0.023251717456403028,0.029593094944512947,0.947155187599084,0.023251717456403028
taobao,2,frequency,dnntsp,-0.009067813701900065,0.0,0.0,0.0,0.025189360577769947,0.027127003699136867,0.9476836357230932,0.025189360577769947
taobao,2,racf,tifuknn,-0.004191656074960022,0.0,0.0,0.0,0.011097410604192354,0.017614937466971993,0.9712876519288357,0.011097410604192354
taobao,2,racf,triple2vec,0.012016510319821157,0.0,0.0,0.0,0.02342786683107275,0.012154306852210675,0.9644178263167166,0.012154306852210675
taobao,2,racf,sets2sets,-0.006963299268219304,0.0,0.0,0.0,0.02289941870706359,0.02272326933239387,0.9543773119605425,0.02272326933239387
taobao,2,racf,dnntsp,-0.0032062220971546987,0.0,0.0,0.0,0.025013211203100228,0.020433327461687512,0.9545534613352122,0.020433327461687512
taobao,2,tifuknn,triple2vec,0.016208166394781176,0.0,0.0,0.0,0.026774704949797428,0.008631319358816275,0.9645939756913863,0.008631319358816275
taobao,2,tifuknn,sets2sets,-0.0027716431932592813,0.0,0.0,0.0,0.030297692443191828,0.027831601197815747,0.9418707063589924,0.027831601197815747
taobao,2,tifuknn,dnntsp,0.0009854339778053237,0.0,0.0,0.0,0.03153073806587987,0.023251717456403028,0.9452175444777171,0.023251717456403028
taobao,2,triple2vec,sets2sets,-0.01897980958804046,0.0,0.0,0.0,0.02360401620574247,0.038752862427338386,0.9376431213669192,0.02360401620574247
taobao,2,triple2vec,dnntsp,-0.015222732416975854,0.0,0.0,0.0,0.02554165932710939,0.033644530561916505,0.9408138101109741,0.02554165932710939
taobao,2,sets2sets,dnntsp,0.003757077171064605,0.0,0.0,0.0,0.011802008102871235,0.00035229874933943986,0.9878456931477894,0.00035229874933943986
tmall,0,recency,frequency,0.0005897203097955198,0.0,0.0,0.0,0.011122994652406418,0.007700534759358289,0.9811764705882353,0.007700534759358289
tmall,0,recency,racf,0.0015828804538806666,0.0,0.0,0.0,0.013475935828877005,0.008342245989304813,0.9781818181818182,0.008342245989304813
tmall,0,recency,tifuknn,0.0002435354801578834,0.0,0.0,0.0,0.008770053475935829,0.005989304812834224,0.9852406417112299,0.005989304812834224
tmall,0,recency,triple2vec,0.0005321929751014733,0.0,0.0,0.0,0.010481283422459893,0.005561497326203209,0.983957219251337,0.005561497326203209
tmall,0,recency,sets2sets,0.0009268123584223106,0.0,0.0,0.0,0.013475935828877005,0.007700534759358289,0.9788235294117648,0.007700534759358289
tmall,0,recency,dnntsp,0.00020637982838705074,0.0,0.0,0.0,0.015614973262032086,0.016042780748663103,0.9683422459893049,0.015614973262032086
tmall,0,frequency,racf,0.000993160144085147,0.0,0.0,0.0,0.008983957219251337,0.007058823529411765,0.983957219251337,0.007058823529411765
tmall,0,frequency,tifuknn,-0.0003461848296376363,0.0,0.0,0.0,0.007914438502673796,0.0106951871657754,0.9813903743315509,0.007914438502673796
tmall,0,frequency,triple2vec,-5.752733469404661e-05,0.0,0.0,0.0,0.008342245989304813,0.008983957219251337,0.9826737967914438,0.008342245989304813
tmall,0,frequency,sets2sets,0.00033709204862679074,0.0,0.0,0.0,0.004705882352941176,0.001497326203208556,0.9937967914438502,0.001497326203208556
tmall,0,frequency,dnntsp,-0.0003833404814084688,0.0,0.0,0.0,0.014759358288770053,0.015614973262032086,0.9696256684491978,0.014759358288770053
tmall,0,racf,tifuknn,-0.0013393449737227835,0.0,0.0,0.0,0.005775401069518717,0.012192513368983957,0.9820320855614973,0.005775401069518717
tmall,0,racf,triple2vec,-0.0010506874787791934,0.0,0.0,0.0,0.005561497326203209,0.010267379679144385,0.9841711229946524,0.005561497326203209
tmall,0,racf,sets2sets,-0.0006560680954583562,0.0,0.0,0.0,0.0066310160427807486,0.007700534759358289,0.985668449197861,0.0066310160427807486
tmall,0,racf,dnntsp,-0.0013765006254936162,0.0,0.0,0.0,0.013475935828877005,0.01625668449197861,0.9702673796791443,0.013475935828877005
tmall,0,tifuknn,triple2vec,0.00028865749494358996,0.0,0.0,0.0,0.009197860962566844,0.005775401069518717,0.9850267379679144,0.005775401069518717
tmall,0,tifuknn,sets2sets,0.0006832768782644272,0.0,0.0,0.0,0.01090909090909091,0.006417112299465241,0.9826737967914438,0.006417112299465241
tmall,0,tifuknn,dnntsp,-3.7155651770832535e-05,0.0,0.0,0.0,0.015614973262032086,0.015828877005347592,0.9685561497326203,0.015614973262032086
tmall,0,triple2vec,sets2sets,0.00039461938332083723,0.0,0.0,0.0,0.009197860962566844,0.005989304812834224,0.984812834224599,0.005989304812834224
tmall,0,triple2vec,dnntsp,-0.0003258131467144226,0.0,0.0,0.0,0.014973262032085561,0.01625668449197861,0.9687700534759358,0.014973262032085561
tmall,0,sets2sets,dnntsp,-0.0007204325300352595,0.0,0.0,0.0,0.015187165775401069,0.015828877005347592,0.9689839572192513,0.015187165775401069
tmall,1,recency,frequency,0.0021559431247877136,0.0,0.0,0.0,0.012406417112299466,0.008556149732620321,0.9790374331550802,0.008556149732620321
tmall,1,recency,racf,0.0038174494159253056,0.0,0.0,0.0,0.017967914438502673,0.0066310160427807486,0.9754010695187165,0.0066310160427807486
tmall,1,recency,tifuknn,0.0011295360710295585,0.0,0.0,0.0,0.010481283422459893,0.004705882352941176,0.984812834224599,0.004705882352941176
tmall,1,recency,triple2vec,0.002110518245770289,0.0,0.0,0.0,0.01304812834224599,0.0038502673796791446,0.9831016042780749,0.0038502673796791446
tmall,1,recency,sets2sets,0.0025883263940040366,0.0,0.0,0.0,0.015187165775401069,0.009197860962566844,0.9756149732620321,0.009197860962566844
tmall,1,recency,dnntsp,0.004815608691980112,0.0,0.0,0.0,0.019037433155080215,0.0106951871657754,0.9702673796791443,0.0106951871657754
tmall,1,frequency,racf,0.0016615062911375924,0.0,0.0,0.0,0.013689839572192513,0.005775401069518717,0.9805347593582888,0.005775401069518717
tmall,1,frequency,tifuknn,-0.001026407053758155,0.0,0.0,0.0,0.008983957219251337,0.0106951871657754,0.9803208556149733,0.008983957219251337
tmall,1,frequency,triple2vec,-4.5424879017424086e-05,0.0,0.0,0.0,0.009625668449197862,0.009411764705882352,0.9809625668449198,0.009411764705882352
tmall,1,frequency,sets2sets,0.000432383269216323,0.0,0.0,0.0,0.0066310160427807486,0.002994652406417112,0.9903743315508021,0.002994652406417112
tmall,1,frequency,dnntsp,0.002659665567192398,0.0,0.0,0.0,0.015401069518716578,0.0106951871657754,0.973903743315508,0.0106951871657754
tmall,1,racf,tifuknn,-0.002687913344895747,0.0,0.0,0.0,0.005561497326203209,0.014973262032085561,0.9794652406417113,0.005561497326203209
tmall,1,racf,triple2vec,-0.0017069311701550162,0.0,0.0,0.0,0.005775401069518717,0.012406417112299466,0.9818181818181818,0.005775401069518717
tmall,1,racf,sets2sets,-0.0012291230219212694,0.0,0.0,0.0,0.006203208556149733,0.010267379679144385,0.9835294117647059,0.006203208556149733
tmall,1,racf,dnntsp,0.0009981592760548055,0.0,0.0,0.0,0.013262032085561497,0.011764705882352941,0.9749732620320856,0.011764705882352941
tmall,1,tifuknn,triple2vec,0.000980982174740731,0.0,0.0,0.0,0.009197860962566844,0.004491978609625668,0.9863101604278075,0.004491978609625668
tmall,1,tifuknn,sets2sets,0.001458790322974478,0.0,0.0,0.0,0.0106951871657754,0.007914438502673796,0.9813903743315509,0.007914438502673796
tmall,1,tifuknn,dnntsp,0.003686072620950553,0.0,0.0,0.0,0.01732620320855615,0.009411764705882352,0.9732620320855615,0.009411764705882352
tmall,1,triple2vec,sets2sets,0.00047780814823374703,0.0,0.0,0.0,0.009411764705882352,0.007914438502673796,0.9826737967914438,0.007914438502673796
tmall,1,triple2vec,dnntsp,0.002705090446209822,0.0,0.0,0.0,0.015401069518716578,0.011122994652406418,0.973475935828877,0.011122994652406418
tmall,1,sets2sets,dnntsp,0.002227282297976075,0.0,0.0,0.0,0.015828877005347592,0.010053475935828877,0.9741176470588235,0.010053475935828877
tmall,2,recency,frequency,0.0028026721750595398,0.0,0.0,0.0,0.013262032085561497,0.005989304812834224,0.9807486631016042,0.005989304812834224
tmall,2,recency,racf,0.003435525267787453,0.0,0.0,0.0,0.01732620320855615,0.007700534759358289,0.9749732620320856,0.007700534759358289
tmall,2,recency,tifuknn,0.0016719688866906825,0.0,0.0,0.0,0.010481283422459893,0.0027807486631016044,0.9867379679144385,0.0027807486631016044
tmall,2,recency,triple2vec,0.0020737689853821107,0.0,0.0,0.0,0.012406417112299466,0.004064171122994653,0.9835294117647059,0.004064171122994653
tmall,2,recency,sets2sets,0.0031071461129177956,0.0,0.0,0.0,0.015828877005347592,0.006203208556149733,0.9779679144385027,0.006203208556149733
tmall,2,recency,dnntsp,0.0032892252864981687,0.0,0.0,0.0,0.01732620320855615,0.012192513368983957,0.9704812834224599,0.012192513368983957
tmall,2,frequency,racf,0.0006328530927279136,0.0,0.0,0.0,0.01304812834224599,0.0066310160427807486,0.9803208556149733,0.0066310160427807486
tmall,2,frequency,tifuknn,-0.0011307032883688575,0.0,0.0,0.0,0.00983957219251337,0.012406417112299466,0.9777540106951872,0.00983957219251337
tmall,2,frequency,triple2vec,-0.0007289031896774294,0.0,0.0,0.0,0.008556149732620321,0.010267379679144385,0.9811764705882353,0.008556149732620321
tmall,2,frequency,sets2sets,0.0003044739378582553,0.0,0.0,0.0,0.007058823529411765,0.0025668449197860962,0.9903743315508021,0.0025668449197860962
tmall,2,frequency,dnntsp,0.00048655311143862864,0.0,0.0,0.0,0.014545454545454545,0.014545454545454545,0.9709090909090909,0.014545454545454545
tmall,2,racf,tifuknn,-0.0017635563810967712,0.0,0.0,0.0,0.007272727272727273,0.013262032085561497,0.9794652406417113,0.007272727272727273
tmall,2,racf,triple2vec,-0.0013617562824053428,0.0,0.0,0.0,0.007272727272727273,0.01304812834224599,0.9796791443850268,0.007272727272727273
tmall,2,racf,sets2sets,-0.0003283791548696583,0.0,0.0,0.0,0.006844919786096256,0.00983957219251337,0.9833155080213903,0.006844919786096256
tmall,2,racf,dnntsp,-0.00014629998128928482,0.0,0.0,0.0,0.014973262032085561,0.015401069518716578,0.9696256684491978,0.014973262032085561
tmall,2,tifuknn,triple2vec,0.0004018000986914282,0.0,0.0,0.0,0.007700534759358289,0.005561497326203209,0.9867379679144385,0.005561497326203209
tmall,2,tifuknn,sets2sets,0.001435177226227113,0.0,0.0,0.0,0.012406417112299466,0.007700534759358289,0.9798930481283422,0.007700534759358289
tmall,2,tifuknn,dnntsp,0.0016172563998074865,0.0,0.0,0.0,0.014545454545454545,0.012834224598930482,0.972620320855615,0.012834224598930482
tmall,2,triple2vec,sets2sets,0.0010333771275356847,0.0,0.0,0.0,0.00983957219251337,0.005989304812834224,0.9841711229946524,0.005989304812834224
tmall,2,triple2vec,dnntsp,0.0012154563011160583,0.0,0.0,0.0,0.013903743315508022,0.01411764705882353,0.9719786096256684,0.013903743315508022
tmall,2,sets2sets,dnntsp,0.0001820791735803733,0.0,0.0,0.0,0.014331550802139038,0.014545454545454545,0.9711229946524064,0.014331550802139038
valuedshopper,0,recency,frequency,-0.12078322179951553,0.0,-0.44685352999185635,0.08679891541462226,0.13389121338912133,0.4962986803990988,0.36981010621177984,0.13389121338912133
valuedshopper,0,recency,racf,-0.12313540023849393,0.0,-0.4692787260227564,0.08278118722218586,0.13469584808496943,0.4996781461216608,0.3656260057933698,0.13469584808496943
valuedshopper,0,recency,tifuknn,-0.13826401429726423,-0.038375025124466305,-0.4692787260227564,0.038375025124466305,0.11248793047956228,0.5168973286128098,0.3706147409076279,0.11248793047956228
valuedshopper,0,recency,triple2vec,-0.13312840066708012,-0.023511752794101615,-0.47036528278595785,0.0827811872221858,0.1289024782748632,0.510943031863534,0.3601544898616028,0.1289024782748632
valuedshopper,0,recency,sets2sets,-0.040057950817955705,0.0,-0.3391602052736161,0.21398626473452764,0.23720630833601544,0.36305117476665594,0.3997425168973286,0.23720630833601544
valuedshopper,0,recency,dnntsp,-0.1057442846011767,0.0,-0.44685352999185624,0.1460683498427064,0.16623752816221435,0.47103315094946896,0.3627293208883167,0.16623752816221435
valuedshopper,0,frequency,racf,-0.002352178438978396,0.0,-0.014863272330364663,0.0,0.08545220469906663,0.1070164145477953,0.8075313807531381,0.08545220469906663
valuedshopper,0,frequency,tifuknn,-0.0174807924977487,0.0,-0.169580102636808,0.13120507751234176,0.1998712584486643,0.27309301577084005,0.5270357257804956,0.1998712584486643
valuedshopper,0,frequency,triple2vec,-0.012345178867564593,0.0,-0.14606834984270642,0.1251739405390885,0.18554876086256838,0.24863212101705826,0.5658191181203733,0.18554876086256838
valuedshopper,0,frequency,sets2sets,0.08072527098155982,0.0,-0.16958010263680812,0.38356636737133576,0.437399420663019,0.20276794335371742,0.3598326359832636,0.20276794335371742
valuedshopper,0,frequency,dnntsp,0.015038937198338835,0.0,-0.1844433749671727,0.21398626473452764,0.32056646282587703,0.2692307692307692,0.4102027679433537,0.2692307692307692
valuedshopper,0,racf,tifuknn,-0.015128614058770301,0.0,-0.15471683030644345,0.13120507751234178,0.2045381396845832,0.2648857418731896,0.5305761184422272,0.2045381396845832
valuedshopper,0,racf,triple2vec,-0.009993000428586196,0.0,-0.1460683498427064,0.1312050775123417,0.19198583842935307,0.24364338590280013,0.5643707756678468,0.19198583842935307
valuedshopper,0,racf,sets2sets,0.08307744942053821,0.0,-0.16958010263680806,0.3868528072345415,0.44367557129063406,0.19858384293530737,0.3577405857740586,0.19858384293530737
valuedshopper,0,racf,dnntsp,0.017391115637317232,0.0,-0.16958010263680817,0.21398626473452764,0.32523334406179594,0.26504666881235917,0.40971998712584484,0.26504666881235917
valuedshopper,0,tifuknn,triple2vec,0.005135613630184106,0.0,-0.12517394053908865,0.13120507751234178,0.21242355970389443,0.19842291599613776,0.5891535242999678,0.19842291599613776
valuedshopper,0,tifuknn,sets2sets,0.0982060634793085,0.0,-0.1460683498427064,0.3868528072345415,0.4604119729642742,0.16124879304795622,0.37833923398776953,0.16124879304795622
valuedshopper,0,tifuknn,dnntsp,0.03251972969608753,0.0,-0.169580102636808,0.2346393630113782,0.34003862246540073,0.22706791116832958,0.43289346636626974,0.22706791116832958
valuedshopper,0,triple2vec,sets2sets,0.0930704498491244,0.0,-0.169580102636808,0.38932187716483296,0.4547795300933376,0.1768587061474091,0.3683617637592533,0.1768587061474091
valuedshopper,0,triple2vec,dnntsp,0.02738411606590343,0.0,-0.16958010263680812,0.23463936301137817,0.3377856453170261,0.24396523978113938,0.4182491149018346,0.24396523978113938
valuedshopper,0,sets2sets,dnntsp,-0.06568633378322099,0.0,-0.3391602052736161,0.1460683498427065,0.18925008046346958,0.40827164467331833,0.4024782748632121,0.18925008046346958
valuedshopper,1,recency,frequency,-0.1272194878097475,-0.014863272330364719,-0.4692787260227564,0.0679179148918212,0.12858062439652398,0.5038622465400708,0.3675571290634052,0.12858062439652398
valuedshopper,1,recency,racf,-0.1297874891336049,-0.023511752794101615,-0.4692787260227564,0.06791791489182114,0.12906340521403284,0.508850981654329,0.36208561313163823,0.12906340521403284
valuedshopper,1,recency,tifuknn,-0.14289996084198503,-0.0444061620977195,-0.4703652827859579,0.023511752794101615,0.1060508529127776,0.5215642098487286,0.3723849372384937,0.1060508529127776
valuedshopper,1,recency,triple2vec,-0.13759437438766994,-0.03837502512446622,-0.4852285551163225,0.0679179148918212,0.12761506276150628,0.5128741551335694,0.3595107821049244,0.12761506276150628
valuedshopper,1,recency,sets2sets,-0.048839006192463466,0.0,-0.3451913422468694,0.21398626473452753,0.22787254586417766,0.38284518828451886,0.3892822658513035,0.22787254586417766
valuedshopper,1,recency,dnntsp,-0.11241695355703481,0.0,-0.4692787260227564,0.1460683498427064,0.1591567428387512,0.4744126166720309,0.3664306404892179,0.1591567428387512
valuedshopper,1,frequency,racf,-0.002568001323857388,0.0,-0.014863272330364663,0.0,0.08641776633408432,0.10428065658191181,0.8093015770840039,0.08641776633408432
valuedshopper,1,frequency,tifuknn,-0.015680473032237498,0.0,-0.1486856933331902,0.13120507751234176,0.2005149662053428,0.26263276472481495,0.5368522690698423,0.2005149662053428
valuedshopper,1,frequency,triple2vec,-0.010374886577922432,0.0,-0.14407766125137167,0.1251739405390885,0.17927261023495333,0.23157386546507885,0.5891535242999678,0.17927261023495333
valuedshopper,1,frequency,sets2sets,0.07838048161728405,0.0,-0.16958010263680812,0.3835663673713356,0.4375603476021886,0.2009977470228516,0.3614419053749598,0.2009977470228516
valuedshopper,1,frequency,dnntsp,0.01480253425271272,0.0,-0.16958010263680812,0.21398626473452753,0.3115545542323785,0.2631155455423238,0.4253299002252977,0.2631155455423238
valuedshopper,1,racf,tifuknn,-0.01311247170838011,0.0,-0.14606834984270645,0.13120507751234178,0.20518184744126167,0.26102349533311875,0.5337946572256196,0.20518184744126167
valuedshopper,1,racf,triple2vec,-0.007806885254065043,0.0,-0.13120507751234178,0.1312050775123417,0.18973286128097844,0.2301255230125523,0.5801416157064693,0.18973286128097844
valuedshopper,1,racf,sets2sets,0.08094848294114143,0.0,-0.169580102636808,0.38356636737133565,0.4422272288381075,0.19649179272610234,0.36128097843579016,0.19649179272610234
valuedshopper,1,racf,dnntsp,0.017370535576570107,0.0,-0.16958010263680812,0.21398626473452764,0.3173479240424847,0.26070164145477953,0.4219504345027358,0.26070164145477953
valuedshopper,1,tifuknn,triple2vec,0.005305586454315065,0.0,-0.1312050775123417,0.13120507751234178,0.21515931766977792,0.19633086578693273,0.5885098165432894,0.19633086578693273
valuedshopper,1,tifuknn,sets2sets,0.09406095464952155,0.0,-0.1460683498427064,0.38356636737133576,0.45220469906662375,0.1734792404248471,0.3743160605085291,0.1734792404248471
valuedshopper,1,tifuknn,dnntsp,0.030483007284950216,0.0,-0.16914433272710078,0.22629438553091685,0.33569359510782104,0.22578049565497263,0.4385259092372063,0.22578049565497263
valuedshopper,1,triple2vec,sets2sets,0.08875536819520648,0.0,-0.1681275362711176,0.38356636737133576,0.4493080141615706,0.1839394914708722,0.36675249436755714,0.1839394914708722
valuedshopper,1,triple2vec,dnntsp,0.02517742083063515,0.0,-0.169580102636808,0.21398626473452764,0.3233022207917605,0.23688445445767622,0.43981332475056323,0.23688445445767622
valuedshopper,1,sets2sets,dnntsp,-0.06357794736457133,0.0,-0.3391602052736161,0.16958010263680798,0.1950434502735758,0.40891535242999677,0.39604119729642745,0.1950434502735758
valuedshopper,2,recency,frequency,-0.12269752272017634,0.0,-0.4692787260227564,0.1251739405390885,0.14113292565175412,0.49678146121660766,0.36208561313163823,0.14113292565175412
valuedshopper,2,recency,racf,-0.12368125972053744,0.0,-0.4692787260227564,0.1251739405390885,0.1430640489217895,0.49645960733826844,0.3604763437399421,0.1430640489217895
valuedshopper,2,recency,tifuknn,-0.1396328452559895,-0.03837502512446633,-0.48076957341721216,0.04440616209771947,0.11699388477631155,0.5189893788220148,0.36401673640167365,0.11699388477631155
valuedshopper,2,recency,triple2vec,-0.13422092803418154,-0.023511752794101615,-0.48522855511632257,0.1251739405390885,0.13775345992919213,0.5119085934985517,0.3503379465722562,0.13775345992919213
valuedshopper,2,recency,sets2sets,-0.05241172603704522,0.0,-0.3451913422468692,0.2139862647345275,0.22755069198583844,0.3826842613453492,0.38976504666881234,0.22755069198583844
valuedshopper,2,recency,dnntsp,-0.10810733129863852,0.0,-0.44685352999185635,0.1460683498427065,0.1723527518506598,0.4707112970711297,0.35693595107821047,0.1723527518506598
valuedshopper,2,frequency,racf,-0.0009837370003610909,0.0,0.0,0.0,0.08963630511747667,0.09671709044093982,0.8136466044415835,0.08963630511747667
valuedshopper,2,frequency,tifuknn,-0.016935322535813178,0.0,-0.16958010263680798,0.13120507751234178,0.1979401351786289,0.2706791116832958,0.5313807531380753,0.1979401351786289
valuedshopper,2,frequency,triple2vec,-0.011523405314005194,0.0,-0.13120507751234184,0.1251739405390885,0.18554876086256838,0.24106855487608625,0.5733826842613453,0.18554876086256838
valuedshopper,2,frequency,sets2sets,0.07028579668313112,0.0,-0.16958010263680812,0.3626719580677178,0.4179272610234953,0.21290634052140328,0.3691663984551014,0.21290634052140328
valuedshopper,2,frequency,dnntsp,0.014590191421537823,0.0,-0.17319681505689127,0.21398626473452764,0.31477309301577083,0.2660122304473769,0.4192146765368523,0.2660122304473769
valuedshopper,2,racf,tifuknn,-0.01595158553545209,0.0,-0.16354896566355492,0.13120507751234178,0.20035403926617315,0.2708400386224654,0.5288059221113615,0.20035403926617315
valuedshopper,2,racf,triple2vec,-0.010539668313644104,0.0,-0.1312050775123418,0.1251739405390886,0.19182491149018346,0.2417122626327647,0.5664628258770518,0.19182491149018346
valuedshopper,2,racf,sets2sets,0.0712695336834922,0.0,-0.16958010263680812,0.3633175612671684,0.4192146765368523,0.21242355970389443,0.3683617637592533,0.21242355970389443
valuedshopper,2,racf,dnntsp,0.015573928421898916,0.0,-0.16958010263680817,0.21398626473452764,0.3191181203733505,0.2648857418731896,0.41599613775345995,0.2648857418731896
valuedshopper,2,tifuknn,triple2vec,0.005411917221807984,0.0,-0.1312050775123417,0.13120507751234178,0.22014805278403604,0.20292887029288703,0.5769230769230769,0.20292887029288703
valuedshopper,2,tifuknn,sets2sets,0.08722111921894428,0.0,-0.14606834984270645,0.3835663673713355,0.439491470872224,0.1731573865465079,0.3873511425812681,0.1731573865465079
valuedshopper,2,tifuknn,dnntsp,0.031525513957350995,0.0,-0.1547168303064434,0.2288495370648923,0.33762471837785646,0.22980366913421307,0.43257161248793047,0.22980366913421307
valuedshopper,2,triple2vec,sets2sets,0.0818092019971363,0.0,-0.169580102636808,0.38356636737133554,0.4320888316704216,0.18860637270679112,0.37930479562278724,0.18860637270679112
valuedshopper,2,triple2vec,dnntsp,0.026113596735543015,0.0,-0.169580102636808,0.22629438553091685,0.32909559060186677,0.24975860959124557,0.42114579980688766,0.24975860959124557
valuedshopper,2,sets2sets,dnntsp,-0.0556956052615933,0.0,-0.339160205273616,0.169580102636808,0.20405535886707435,0.3958802703572578,0.40006437077566787,0.20405535886707435
