metric,dataset,claim_type,method,feature,expected_sign,n_users_complete,all_zero_fraction,coef_mean,coef_sd,coef_nonzero_mean,rho_raw_mean,rho_centered_mean,n_keysets,n_keysets_ci_excludes_zero,n_keysets_matches_expected_sign,n_keysets_nonzero_same_sign,conditional_sign_across_keysets,nonzero_sign_across_keysets,abs_coef_mean,analysis04_rho_raw_mean,analysis04_rho_centered_mean,analysis04_raw_low_to_high_mean,analysis04_centered_low_to_high_mean,analysis04_rho_raw_sign,analysis04_rho_centered_sign,analysis04_centered_effect_sign
ndcg,dunnhumby,discovery,fpmc,n_baskets,1,4504.0,0.30965068087625813,0.03162029933724454,0.008369739902963028,0.035755644843480004,0.016769190131436292,-0.04165304107340639,3,3,3,3,positive,positive,0.03162029933724454,0.0167691901314362,-0.0416530410734063,0.007205611285055,-0.0128795193750443,positive,negative,negative
ndcg,dunnhumby,expected,cbp,repeat_rate,1,4504.0,0.30965068087625813,0.020200240907872685,0.004133616767479062,0.020600985923973848,0.35055911847307303,0.2181562840544112,3,3,3,3,positive,positive,0.020200240907872685,0.350559118473073,0.2181562840544112,0.3188698095825812,0.0520542980095133,positive,positive,positive
ndcg,dunnhumby,expected,dnntsp,transition_strength,1,4504.0,0.30965068087625813,-0.0019377817675006747,0.002531069069338387,-0.002629850962207955,0.13685217321039203,-0.005208627735971485,3,0,1,3,mixed,mixed,0.0019377817675006747,0.136852173210392,-0.0052086277359714,0.1125703490405284,-0.007514832081905,positive,mixed,negative
ndcg,dunnhumby,expected,fpmc,transition_strength,1,4504.0,0.30965068087625813,-0.0067621251670276035,0.004748278472277454,-0.00713101311860292,0.09117441981360608,-0.12317260739813866,3,2,0,3,negative,negative,0.0067621251670276035,0.091174419813606,-0.1231726073981386,0.0552409855712206,-0.0648441955512129,positive,negative,negative
ndcg,dunnhumby,expected,frequency,repeat_rate,1,4504.0,0.30965068087625813,0.020162946864107287,0.0023686550875032567,0.020626286389574505,0.3520402455150113,0.22217808409065332,3,3,3,3,positive,positive,0.020162946864107287,0.3520402455150113,0.2221780840906533,0.3205807400984737,0.0537652285254058,positive,positive,positive
ndcg,dunnhumby,expected,recency,adjacent_basket_jaccard,1,4504.0,0.30965068087625813,0.014757290710420368,0.0025645592224364717,0.020117821257007295,0.3361286297044424,-0.07404537483923125,3,3,3,3,positive,positive,0.014757290710420368,0.3361286974906788,-0.0740454968758808,0.243756531475891,-0.041358074088026,positive,negative,negative
ndcg,dunnhumby,expected,tifuknn,repeat_rate,1,4504.0,0.30965068087625813,0.021084466572698583,0.006092506531559629,0.023371035520149606,0.3422595161924007,0.17883185143208735,3,3,3,3,positive,positive,0.021084466572698583,0.3422595161924007,0.1788318514320873,0.3096140833486616,0.0427985717755936,positive,positive,positive
ndcg,dunnhumby,expected,triple2vec,relational_strength,1,4504.0,0.30965068087625813,-0.002287259327975242,0.0011203489581723624,-0.0029613636334712614,0.15254586857528063,0.03249173376708561,3,0,0,3,negative,negative,0.002287259327975242,0.1525458685752806,0.0324917337670856,0.1286293619276792,0.003697855036068,positive,positive,positive
ndcg,dunnhumby,observed_contrast,fpmc,repeat_rate,-1,4504.0,0.30965068087625813,-0.05762301691387415,0.010777493271774862,-0.06460217535203328,0.22011687106731595,-0.24702962058469613,3,3,3,3,negative,negative,0.05762301691387415,0.2201168710673159,-0.2470296205846961,0.1315379767450973,-0.1352775348279705,positive,negative,negative
ndcg,dunnhumby,observed_contrast,recency,repeat_rate,-1,4504.0,0.30965068087625813,-0.050104365297487165,0.0070966002607067685,-0.05667506283160761,0.25301044464299355,-0.15825563749769142,3,3,3,3,negative,negative,0.050104365297487165,0.2530104446429935,-0.1582556374976914,0.1918857758592275,-0.0749297357138403,positive,negative,negative
ndcg,instacart,discovery,fpmc,n_baskets,1,4124.0,0.1037019075331393,0.06058017681793973,0.008532465358583308,0.056351414192919676,0.15173129083408457,0.008287628984522837,3,3,3,3,positive,positive,0.06058017681793973,0.1517312908340845,0.0082876289845228,0.0971458666170541,0.017210979186523,positive,mixed,mixed
ndcg,instacart,expected,cbp,repeat_rate,1,4124.0,0.1037019075331393,0.025978143786099365,0.0011012399755433945,0.02257559118166531,0.38490772252931466,0.20580738862410156,3,3,3,3,positive,positive,0.025978143786099365,0.3849077225293146,0.2058073886241015,0.3500469329549227,0.0601854798405277,positive,positive,positive
ndcg,instacart,expected,dnntsp,transition_strength,1,4124.0,0.1037019075331393,-0.009935042149528365,0.0011637434928592452,-0.011333118432882235,0.1934044651251433,0.02254759993556507,3,0,0,3,negative,negative,0.009935042149528365,0.1934044651251433,0.022547599935565,0.1774694907453575,0.003155147484722,positive,mixed,mixed
ndcg,instacart,expected,fpmc,transition_strength,1,4124.0,0.1037019075331393,0.011480133423414182,0.0014839659699348027,0.013945434395947845,0.11849233524505087,-0.12551353028165133,3,0,3,3,positive,positive,0.011480133423414182,0.1184923352450508,-0.1255135302816513,0.0916486491432273,-0.0826656941174081,positive,negative,negative
ndcg,instacart,expected,frequency,repeat_rate,1,4124.0,0.1037019075331393,0.02124544102162981,0.0021486842136995417,0.01699695224378145,0.37557187663358826,0.1882168914060268,3,3,3,3,positive,positive,0.02124544102162981,0.3755718766335882,0.1882168914060268,0.3408586020491567,0.0509971489347616,positive,positive,positive
ndcg,instacart,expected,recency,adjacent_basket_jaccard,1,4124.0,0.1037019075331393,0.022982753716695725,0.0042952063743127294,0.025368340341230967,0.4094816033686792,-0.022654411060602026,3,3,3,3,positive,positive,0.022982753716695725,0.4094815299333501,-0.0226544668224828,0.3451310100126658,-0.0154157034293732,positive,negative,negative
ndcg,instacart,expected,tifuknn,repeat_rate,1,4124.0,0.1037019075331393,0.024427147279475436,0.0016369097633724538,0.021866732836433558,0.3737559977941995,0.17400343083608613,3,3,3,3,positive,positive,0.024427147279475436,0.3737559977941995,0.1740034308360861,0.3405430256067552,0.0506815724923601,positive,positive,positive
ndcg,instacart,expected,triple2vec,relational_strength,1,4124.0,0.1037019075331393,0.002296202589978151,0.0038191243999264987,0.001161542709557015,0.18102419706772532,0.06890554983343926,3,0,2,3,mixed,mixed,0.002296202589978151,0.1810241970677253,0.0689055498334392,0.1636490453767541,0.0111776004584737,positive,positive,mixed
ndcg,instacart,observed_contrast,fpmc,repeat_rate,-1,4124.0,0.1037019075331393,-0.07482489159552963,0.0021335950487795215,-0.06660292220952413,0.23617730620932964,-0.22604082564097708,3,3,3,3,negative,negative,0.07482489159552963,0.2361773062093296,-0.226040825640977,0.1457938518243849,-0.1440676012900101,positive,negative,negative
ndcg,instacart,observed_contrast,recency,repeat_rate,-1,4124.0,0.1037019075331393,-0.07962981398654889,0.0023011408030505164,-0.08400813961396564,0.2471840990432371,-0.15056070184028927,3,3,3,3,negative,negative,0.07962981398654889,0.2471840990432371,-0.1505607018402892,0.2017872288115778,-0.0880742243028172,positive,negative,negative
ndcg,sam,discovery,fpmc,n_baskets,1,3678.0,0.2842124342940004,0.04632897128052363,0.004754339297328,0.04608948087956197,0.08809552824836407,-0.05115401168179337,3,3,3,3,positive,positive,0.04632897128052363,0.088095528248364,-0.0511540116817933,0.0345322186689618,-0.001440141715581,positive,negative,mixed
ndcg,sam,expected,cbp,repeat_rate,1,3678.0,0.2842124342940004,0.040892650787877495,0.0005671700708147553,0.030737070395895193,0.5038012112846498,0.28561812526908276,3,3,3,3,positive,positive,0.040892650787877495,0.5038012112846498,0.2856181252690827,0.5315707875736496,0.0769695248869328,positive,positive,positive
ndcg,sam,expected,dnntsp,transition_strength,1,3678.0,0.2842124342940004,-0.0024764622959010485,0.008165207781109091,-0.0028380150892074953,-0.06346766282168759,0.0014365615261915938,3,0,1,3,mixed,mixed,0.0024764622959010485,-0.0634676628216875,0.0014365615261915,-0.1085543505759559,0.0163334511451777,negative,mixed,mixed
ndcg,sam,expected,fpmc,transition_strength,1,3678.0,0.2842124342940004,0.014870257489100598,0.003114582899547863,0.016272401801288205,-0.09344397424273561,-0.024232684620796325,3,2,3,3,positive,positive,0.014870257489100598,-0.0934439742427356,-0.0242326846207963,-0.1347635107681318,-0.0098757090469981,negative,negative,negative
ndcg,sam,expected,frequency,repeat_rate,1,3678.0,0.2842124342940004,0.029948827249423337,0.004636094007138167,0.01525995143109906,0.4952798035566288,0.283642390205794,3,3,3,3,positive,positive,0.029948827249423337,0.4952798035566288,0.283642390205794,0.532956513271772,0.0783552505850552,positive,positive,positive
ndcg,sam,expected,recency,adjacent_basket_jaccard,1,3678.0,0.2842124342940004,0.046637618908931276,0.005519123833203791,0.05285310988791766,0.46936486221306883,0.14237173715272408,3,3,3,3,positive,positive,0.046637618908931276,0.4693648822913389,0.1423709122429725,0.5155836556888268,0.0561345310408117,positive,positive,positive
ndcg,sam,expected,tifuknn,repeat_rate,1,3678.0,0.2842124342940004,0.0345400069451432,0.0013951265903936567,0.02430780026251432,0.49207758269334373,0.2573087470679612,3,3,3,3,positive,positive,0.0345400069451432,0.4920775826933437,0.2573087470679611,0.520585485998735,0.065984223312018,positive,positive,positive
ndcg,sam,expected,triple2vec,relational_strength,1,3678.0,0.2842124342940004,-0.0009646141278656534,0.0025614642767160857,-0.0031167699218289887,-0.1366106508175751,-0.01567454996102852,3,0,1,2,mixed,negative,0.0009646141278656534,-0.1366106508175751,-0.0156745499610285,-0.2197482905255636,-0.0143413965922832,negative,negative,negative
ndcg,sam,observed_contrast,fpmc,repeat_rate,-1,3678.0,0.2842124342940004,-0.07966679321977403,0.006212054396626727,-0.04996128311987654,0.4128526428227639,-0.1636002308883727,3,3,3,3,negative,negative,0.07966679321977403,0.4128526428227639,-0.1636002308883727,0.3505236861185013,-0.1040775765682154,positive,negative,negative
ndcg,sam,observed_contrast,recency,repeat_rate,-1,3678.0,0.2842124342940004,-0.05686516590013271,0.007918512387364442,-0.07186005651080536,0.43462279263261533,0.06587657298355089,3,3,3,3,negative,negative,0.05686516590013271,0.4346227926326153,0.0658765729835508,0.4732904324305085,0.0186891697437916,positive,positive,positive
ndcg,tafeng,discovery,fpmc,n_baskets,1,2805.3333333333335,0.4855226694327162,0.01631456237975486,0.0013881172043284787,0.029931584803835527,0.07103653018631813,0.011712196824794623,3,3,3,3,positive,positive,0.01631456237975486,0.0844162671495796,-0.0167375605006387,0.0472406310042401,0.007922221769808,positive,mixed,mixed
ndcg,tafeng,expected,cbp,repeat_rate,1,2805.3333333333335,0.4855226694327162,0.006481908355724111,0.002083058318505944,0.0020842054245296536,0.19674648156189947,0.05190862086645039,3,1,3,2,positive,mixed,0.006481908355724111,0.1876216358242684,0.0592548659312014,0.083217895995422,0.0192458789305389,positive,positive,positive
ndcg,tafeng,expected,dnntsp,transition_strength,1,2805.3333333333335,0.4855226694327162,-0.001764693031760681,0.0013355966578463229,-0.0030973147265674866,-0.059794277718512305,-0.04187006511676506,3,0,0,2,negative,mixed,0.001764693031760681,-0.0597942777185123,-0.041870065116765,-0.028040695223425,-0.0198335066305733,negative,negative,negative
ndcg,tafeng,expected,fpmc,transition_strength,1,2805.3333333333335,0.4855226694327162,-0.0037328730655888432,0.001740565787082999,-0.003769334050380881,-0.06986433001657456,-0.04442334591697814,3,0,0,2,negative,mixed,0.0037328730655888432,-0.0698643300165745,-0.0444233459169781,-0.0319193582729123,-0.0237121696800607,negative,negative,negative
ndcg,tafeng,expected,frequency,repeat_rate,1,2805.3333333333335,0.4855226694327162,0.01482739432507471,0.002488785587690721,0.022650567834069518,0.1972227687815035,0.08389530247584327,3,3,3,3,positive,positive,0.01482739432507471,0.1874305775915036,0.0616186419762246,0.0884698400206314,0.0244978229557484,positive,positive,positive
ndcg,tafeng,expected,recency,adjacent_basket_jaccard,1,2805.3333333333335,0.4855226694327162,0.012680039957322751,0.0015598403357851762,0.015568253758009997,0.14787996593017297,-0.04727836612286582,3,3,3,3,positive,positive,0.012680039957322751,0.1478799659301729,-0.0472783661228658,0.0607887862231615,-0.0040124376159946,positive,negative,mixed
ndcg,tafeng,expected,tifuknn,repeat_rate,1,2805.3333333333335,0.4855226694327162,0.018707493897085228,0.005660959106225627,0.034399514203418864,0.21706356309897082,0.11547639072407327,3,3,3,3,positive,positive,0.018707493897085228,0.1541804265071917,0.0329381191158927,0.0846997818967456,0.0207277648318625,positive,positive,positive
ndcg,tafeng,expected,triple2vec,relational_strength,1,2805.3333333333335,0.4855226694327162,-0.005026729520204436,0.0003636791471830505,-0.009971910133482613,-0.009081734450955883,-0.02307615589868636,3,1,0,3,negative,negative,0.005026729520204436,0.0008514264456213,0.0098206695446244,-0.005321126028155,0.0082534783657239,mixed,mixed,positive
ndcg,tafeng,observed_contrast,fpmc,repeat_rate,-1,2805.3333333333335,0.4855226694327162,-0.0328547285864061,0.005184036075151954,-0.05181552294330068,0.017820599756493864,-0.17696312480347373,3,3,3,3,negative,negative,0.0328547285864061,0.0460413909083678,-0.1358777983746952,0.0131092484986571,-0.0508627685662259,positive,negative,negative
ndcg,tafeng,observed_contrast,recency,repeat_rate,-1,2805.3333333333335,0.4855226694327162,-0.015824853642708605,0.002146318677179962,-0.014720479364205591,0.1278060451173014,-0.08291090467311707,3,3,3,3,negative,negative,0.015824853642708605,0.0920446504292904,-0.1314696078167051,0.0359749629860301,-0.0279970540788529,positive,negative,negative
ndcg,valuedshopper,discovery,fpmc,n_baskets,1,6214.0,0.1799163179916318,0.0030742700853646325,0.0013228466069281214,0.003926698382750813,0.0038316706429657953,-0.005484567050708247,3,0,3,3,positive,positive,0.0030742700853646325,0.0038316706429657,-0.0054845670507082,0.010999029719077,-0.0192097354881524,mixed,mixed,negative
ndcg,valuedshopper,expected,cbp,repeat_rate,1,6214.0,0.1799163179916318,0.019148511479814844,0.0005742432441461415,0.02079751904763541,0.38787060366605686,0.17332742611554788,3,3,3,3,positive,positive,0.019148511479814844,0.3878706036660568,0.1733274261155478,0.3306304900200212,0.0412665589708762,positive,positive,positive
ndcg,valuedshopper,expected,dnntsp,transition_strength,1,6214.0,0.1799163179916318,-0.0005201261572812499,0.0030047337105368463,-0.0011380870926010964,0.12432189005982985,0.01264775731168955,3,0,1,3,mixed,mixed,0.0005201261572812499,0.1243218900598298,0.0126477573116895,0.1020320324165954,0.0029676957880247,positive,mixed,mixed
ndcg,valuedshopper,expected,fpmc,transition_strength,1,6214.0,0.1799163179916318,0.006039491736882288,0.0030267762171621035,0.008834102136075302,0.15411788335254994,0.015179981251185184,3,1,3,3,positive,positive,0.006039491736882288,0.1541178833525499,0.0151799812511851,0.1112189103167771,0.0121545736882064,positive,positive,positive
ndcg,valuedshopper,expected,frequency,repeat_rate,1,6214.0,0.1799163179916318,0.01897265444863944,0.0005433537012111003,0.020622101974175727,0.3857407020468917,0.16539537387594458,3,3,3,3,positive,positive,0.01897265444863944,0.3857407020468917,0.1653953738759445,0.3279241241020369,0.0385601930528919,positive,positive,positive
ndcg,valuedshopper,expected,recency,adjacent_basket_jaccard,1,6214.0,0.1799163179916318,0.011713840295799896,0.0033633638404391734,0.016868181854892837,0.3692757707637881,-0.06466267851918119,3,3,3,3,positive,positive,0.011713840295799896,0.3692757707637881,-0.0646626785191811,0.2532881757377271,-0.033216824654319,positive,negative,negative
ndcg,valuedshopper,expected,tifuknn,repeat_rate,1,6214.0,0.1799163179916318,0.020224820300178043,0.0016062237173338238,0.021788142897912546,0.3989565805725168,0.22298818154701752,3,3,3,3,positive,positive,0.020224820300178043,0.3989565805725168,0.2229881815470175,0.3494733441788784,0.0601094131297334,positive,positive,positive
ndcg,valuedshopper,expected,triple2vec,relational_strength,1,6214.0,0.1799163179916318,-0.003262069374630573,0.000909844096156154,-0.004164434295955246,0.09294112724501252,0.020689107510482006,3,2,0,3,negative,negative,0.003262069374630573,0.0929411272450125,0.020689107510482,0.0772603377628131,0.0041836235932334,positive,positive,positive
ndcg,valuedshopper,observed_contrast,fpmc,repeat_rate,-1,6214.0,0.1799163179916318,-0.05673325107651539,0.001819007237920147,-0.0630017659518065,0.2205900757375563,-0.25464635629583937,3,3,3,3,negative,negative,0.05673325107651539,0.2205900757375563,-0.2546463562958393,0.1415300636187575,-0.1478338674303874,positive,negative,negative
ndcg,valuedshopper,observed_contrast,recency,repeat_rate,-1,6214.0,0.1799163179916318,-0.03160774545165362,0.0015072376288451184,-0.03258807818245373,0.33520128636866736,-0.12760458771360533,3,3,3,3,negative,negative,0.03160774545165362,0.3352012863686673,-0.1276045877136053,0.23034181504954,-0.0590221159996048,positive,negative,negative
recall,dunnhumby,discovery,fpmc,n_baskets,1,4504.0,0.30965068087625813,0.017912494283825995,0.00690139778694487,0.019612910313623246,0.03083946033999983,-0.05183616592341168,3,3,3,3,positive,positive,0.017912494283825995,,,,,,,
recall,dunnhumby,expected,cbp,repeat_rate,1,4504.0,0.30965068087625813,0.009800175024058675,0.0020345867653346387,0.007896570692719738,0.3018250367822343,0.1895267497705672,3,3,3,3,positive,positive,0.009800175024058675,,,,,,,
recall,dunnhumby,expected,dnntsp,transition_strength,1,4504.0,0.30965068087625813,-0.002968884284556227,0.004509289231644109,-0.0035809469609535557,0.09868479196633885,-0.003147269463229515,3,1,1,3,mixed,mixed,0.002968884284556227,,,,,,,
recall,dunnhumby,expected,fpmc,transition_strength,1,4504.0,0.30965068087625813,-0.005912893391695439,0.0050951563026533555,-0.006713051631909171,0.06928530232267914,-0.10405877040060546,3,1,0,3,negative,negative,0.005912893391695439,,,,,,,
recall,dunnhumby,expected,frequency,repeat_rate,1,4504.0,0.30965068087625813,0.010876481085317908,0.0023635881477066657,0.00963325483182835,0.3066448067176057,0.19676661592989242,3,3,3,3,positive,positive,0.010876481085317908,,,,,,,
recall,dunnhumby,expected,recency,adjacent_basket_jaccard,1,4504.0,0.30965068087625813,0.005877638449633376,0.004774367425372096,0.006881347035337103,0.2881779691524486,-0.05181584266090419,3,2,3,3,positive,positive,0.005877638449633376,,,,,,,
recall,dunnhumby,expected,tifuknn,repeat_rate,1,4504.0,0.30965068087625813,0.01321760197371008,0.006309293359174068,0.014251952811381577,0.2942627336430967,0.16061861296907712,3,3,3,3,positive,positive,0.01321760197371008,,,,,,,
recall,dunnhumby,expected,triple2vec,relational_strength,1,4504.0,0.30965068087625813,-0.0029163320622767803,0.0011983260920324951,-0.004276270838262489,0.08353385747868906,0.01292368444269123,3,1,0,3,negative,negative,0.0029163320622767803,,,,,,,
recall,dunnhumby,observed_contrast,fpmc,repeat_rate,-1,4504.0,0.30965068087625813,-0.034771544389406224,0.0061359255352329235,-0.036214636518375774,0.19734326079991868,-0.21278832668006456,3,3,3,3,negative,negative,0.034771544389406224,,,,,,,
recall,dunnhumby,observed_contrast,recency,repeat_rate,-1,4504.0,0.30965068087625813,-0.019531118621454558,0.000594726666226844,-0.01927194714409652,0.21909967530847663,-0.13239642312993316,3,3,3,3,negative,negative,0.019531118621454558,,,,,,,
recall,instacart,discovery,fpmc,n_baskets,1,4124.0,0.1037019075331393,0.031294115716068445,0.0067107632943168875,0.02665416020828959,0.15739931880857205,0.01562217856631188,3,3,3,3,positive,positive,0.031294115716068445,,,,,,,
recall,instacart,expected,cbp,repeat_rate,1,4124.0,0.1037019075331393,0.013469374661714559,0.00045834204850374056,0.010531239792810837,0.3095998032371947,0.17933904173190207,3,3,3,3,positive,positive,0.013469374661714559,,,,,,,
recall,instacart,expected,dnntsp,transition_strength,1,4124.0,0.1037019075331393,-0.008602798652646848,0.007774458391548883,-0.009200402769494695,0.21202080310391738,0.029465747260046523,3,1,0,2,negative,mixed,0.008602798652646848,,,,,,,
recall,instacart,expected,fpmc,transition_strength,1,4124.0,0.1037019075331393,0.001980786519814579,0.004995296285824511,0.0025906573818111436,0.13479268458183136,-0.13880453320940633,3,0,2,2,mixed,mixed,0.001980786519814579,,,,,,,
recall,instacart,expected,frequency,repeat_rate,1,4124.0,0.1037019075331393,0.012549328867444634,0.001595282028586152,0.009288780661609408,0.3019652532306896,0.1670153387874501,3,3,3,3,positive,positive,0.012549328867444634,,,,,,,
recall,instacart,expected,recency,adjacent_basket_jaccard,1,4124.0,0.1037019075331393,0.019142286682076595,0.0007009920835216463,0.020806747104496124,0.39074902349742185,0.03939628508853213,3,3,3,3,positive,positive,0.019142286682076595,,,,,,,
recall,instacart,expected,tifuknn,repeat_rate,1,4124.0,0.1037019075331393,0.01232170540560445,0.0014876624273329321,0.009910892122588194,0.3069992258715751,0.15668657938961986,3,3,3,3,positive,positive,0.01232170540560445,,,,,,,
recall,instacart,expected,triple2vec,relational_strength,1,4124.0,0.1037019075331393,0.001234992172277078,0.0016769022302864194,0.0005672223217876503,0.17890620506331054,0.07870866116466659,3,0,2,2,mixed,mixed,0.001234992172277078,,,,,,,
recall,instacart,observed_contrast,fpmc,repeat_rate,-1,4124.0,0.1037019075331393,-0.034519458934271656,0.004185848688180106,-0.02644866093879338,0.23176198990224386,-0.18344710539541728,3,3,3,3,negative,negative,0.034519458934271656,,,,,,,
recall,instacart,observed_contrast,recency,repeat_rate,-1,4124.0,0.1037019075331393,-0.04315997386544714,0.0014222459845559293,-0.045858189336007195,0.21766145889414992,-0.12342977059505202,3,3,3,3,negative,negative,0.04315997386544714,,,,,,,
recall,sam,discovery,fpmc,n_baskets,1,3678.0,0.2842124342940004,0.04412058944385867,0.004555878059190152,0.04470599009526899,0.08668230315701557,-0.05098824098089446,3,3,3,3,positive,positive,0.04412058944385867,,,,,,,
recall,sam,expected,cbp,repeat_rate,1,3678.0,0.2842124342940004,0.030510959370138594,0.00431223712911114,0.020163096357508715,0.4652942598495717,0.22496882272721344,3,3,3,3,positive,positive,0.030510959370138594,,,,,,,
recall,sam,expected,dnntsp,transition_strength,1,3678.0,0.2842124342940004,0.0019076644980258062,0.010647485140317249,0.003183324617430445,-0.045512870216044776,0.015905202936381476,3,1,2,3,mixed,mixed,0.0019076644980258062,,,,,,,
recall,sam,expected,fpmc,transition_strength,1,3678.0,0.2842124342940004,0.011833002772987189,0.0030847246367980957,0.010258355940657016,-0.09128812973586513,-0.05926823444724479,3,0,3,3,positive,positive,0.011833002772987189,,,,,,,
recall,sam,expected,frequency,repeat_rate,1,3678.0,0.2842124342940004,0.031216455213537764,0.005938099871011444,0.020376682775782955,0.4586325221989089,0.21335787342752724,3,3,3,3,positive,positive,0.031216455213537764,,,,,,,
recall,sam,expected,recency,adjacent_basket_jaccard,1,3678.0,0.2842124342940004,0.02553554464959194,0.00683764554150512,0.028601801235809243,0.44478806858114206,0.16372084708076876,3,3,3,3,positive,positive,0.02553554464959194,,,,,,,
recall,sam,expected,tifuknn,repeat_rate,1,3678.0,0.2842124342940004,0.027020355573508584,0.00155587136384975,0.0172831233835177,0.4591805924856274,0.21145570818599757,3,3,3,3,positive,positive,0.027020355573508584,,,,,,,
recall,sam,expected,triple2vec,relational_strength,1,3678.0,0.2842124342940004,-8.363218794178555e-05,0.004264450437568538,-0.002832329498287867,-0.15498945958067847,-0.04303623416509291,3,0,2,3,mixed,mixed,8.363218794178555e-05,,,,,,,
recall,sam,observed_contrast,fpmc,repeat_rate,-1,3678.0,0.2842124342940004,-0.07433711806690507,0.010426084353642721,-0.047628779695548025,0.4119126232422982,-0.08633930556274595,3,3,3,3,negative,negative,0.07433711806690507,,,,,,,
recall,sam,observed_contrast,recency,repeat_rate,-1,3678.0,0.2842124342940004,-0.01906420186194888,0.005212767769916966,-0.028971522130883987,0.41348112042777246,0.08360098020121443,3,3,3,3,negative,negative,0.01906420186194888,,,,,,,
recall,tafeng,discovery,fpmc,n_baskets,1,2805.3333333333335,0.4855226694327162,0.011359248719427636,0.0008159103725668537,0.018209092780057248,0.06949600484038569,-0.006783063365094155,3,3,3,3,positive,positive,0.011359248719427636,,,,,,,
recall,tafeng,expected,cbp,repeat_rate,1,2805.3333333333335,0.4855226694327162,0.010514863924291448,0.0025518880097603475,0.009403441904913934,0.19775535019075904,0.13076894558350635,3,2,3,3,positive,positive,0.010514863924291448,,,,,,,
recall,tafeng,expected,dnntsp,transition_strength,1,2805.3333333333335,0.4855226694327162,-0.0028798019061590297,0.0046767174701341785,-0.005581449668718025,-0.07050246206780741,-0.060901431801495876,3,0,1,3,mixed,mixed,0.0028798019061590297,,,,,,,
recall,tafeng,expected,fpmc,transition_strength,1,2805.3333333333335,0.4855226694327162,0.0013377587060385537,0.002172173984354981,0.007327699079229855,-0.07093503436097898,-0.03734007028246479,3,0,2,2,mixed,positive,0.0013377587060385537,,,,,,,
recall,tafeng,expected,frequency,repeat_rate,1,2805.3333333333335,0.4855226694327162,0.01037711796303952,0.00011207994994937342,0.01664017684074102,0.1890040002919899,0.10519965423331883,3,3,3,3,positive,positive,0.01037711796303952,,,,,,,
recall,tafeng,expected,recency,adjacent_basket_jaccard,1,2805.3333333333335,0.4855226694327162,0.007545248361500333,0.0019471007911859154,0.007966304199152646,0.13777012886597945,-0.022307040587548486,3,1,3,3,positive,positive,0.007545248361500333,,,,,,,
recall,tafeng,expected,tifuknn,repeat_rate,1,2805.3333333333335,0.4855226694327162,0.010610424019098076,0.0016133188256474975,0.019928669212910533,0.20210773237176427,0.09610422066111508,3,3,3,3,positive,positive,0.010610424019098076,,,,,,,
recall,tafeng,expected,triple2vec,relational_strength,1,2805.3333333333335,0.4855226694327162,-0.003027013512381129,0.002134467641639376,-0.006672575259876498,-0.009222283160208632,-0.011825494158707367,3,0,0,3,negative,negative,0.003027013512381129,,,,,,,
recall,tafeng,observed_contrast,fpmc,repeat_rate,-1,2805.3333333333335,0.4855226694327162,-0.028798095406628626,0.003638262406994246,-0.04342086650411756,0.014965322233721533,-0.17755385879974175,3,3,3,3,negative,negative,0.028798095406628626,,,,,,,
recall,tafeng,observed_contrast,recency,repeat_rate,-1,2805.3333333333335,0.4855226694327162,-0.007373630962923194,0.00321423037980041,-0.0028073551262964794,0.12299291604256264,-0.05608101528278597,3,1,3,2,negative,mixed,0.007373630962923194,,,,,,,
recall,valuedshopper,discovery,fpmc,n_baskets,1,6214.0,0.1799163179916318,0.0010322041263105296,0.002696700794218866,0.0015491608657008111,0.00813904168722729,-0.007224446053549521,3,1,1,3,mixed,mixed,0.0010322041263105296,,,,,,,
recall,valuedshopper,expected,cbp,repeat_rate,1,6214.0,0.1799163179916318,0.008840152218093133,0.0007441474783790687,0.009252745299955754,0.24988812837176602,0.15129170609554266,3,3,3,3,positive,positive,0.008840152218093133,,,,,,,
recall,valuedshopper,expected,dnntsp,transition_strength,1,6214.0,0.1799163179916318,-0.0005907982968391664,0.0025685860341837373,-0.0009130785511078515,0.09775398461551493,-0.000499644508427923,3,0,1,3,mixed,mixed,0.0005907982968391664,,,,,,,
recall,valuedshopper,expected,fpmc,transition_strength,1,6214.0,0.1799163179916318,0.00576136433301135,0.0016131012403465977,0.007552740107524036,0.13776246840381823,0.017732103319090274,3,2,3,3,positive,positive,0.00576136433301135,,,,,,,
recall,valuedshopper,expected,frequency,repeat_rate,1,6214.0,0.1799163179916318,0.00929145490184396,0.0008560683227082372,0.009766812292645604,0.24684815319259026,0.14188221230693907,3,3,3,3,positive,positive,0.00929145490184396,,,,,,,
recall,valuedshopper,expected,recency,adjacent_basket_jaccard,1,6214.0,0.1799163179916318,0.007455167938713608,0.0018801337043151383,0.009685424703146742,0.3265853539467284,-0.01717710654680909,3,2,3,3,positive,positive,0.007455167938713608,,,,,,,
recall,valuedshopper,expected,tifuknn,repeat_rate,1,6214.0,0.1799163179916318,0.007507197738454069,0.002305350835199741,0.007352758872963764,0.25766529151161016,0.1646776528537563,3,3,3,3,positive,positive,0.007507197738454069,,,,,,,
recall,valuedshopper,expected,triple2vec,relational_strength,1,6214.0,0.1799163179916318,-0.0026597527080607394,0.0012448629841238536,-0.0036458308599955492,0.024972196855892536,-0.005959555605798867,3,1,0,3,negative,negative,0.0026597527080607394,,,,,,,
recall,valuedshopper,observed_contrast,fpmc,repeat_rate,-1,6214.0,0.1799163179916318,-0.024772509349689092,0.001881270931248633,-0.026174094173489013,0.14697048435871127,-0.20275311435575663,3,3,3,3,negative,negative,0.024772509349689092,,,,,,,
recall,valuedshopper,observed_contrast,recency,repeat_rate,-1,6214.0,0.1799163179916318,-0.014020316168536273,0.00019409929984188088,-0.014232571944491795,0.25450581984402204,-0.06938249833861615,3,3,3,3,negative,negative,0.014020316168536273,,,,,,,
